er_dist_star,er_density,er_dist_complete,g_dist_complete,steps,g_dist_regular,er_centralization,g_global_efficiency,er_avg_clustering,g_dist_star,er_largest_cc_frac,g_avg_clustering,er_dist_regular,edges,g_largest_cc_frac,g_centralization,g_dist_empty,er_global_efficiency,g_density,er_dist_empty,c,delta,radius,n,mlflow.source.name,mlflow.source.git.commit,mlflow.runName,mlflow.user,mlflow.source.type
0.7859884081701064,1.0,0.0,0.0,1060.0,0.7021479295471508,0.0,1.0,1.0,0.7859884081701064,1.0,1.0,0.7021479295471508,435.0,1.0,0.0,0.8870675785355301,1.0,1.0,0.8870675785355301,0.1,0.35,10,30,.\experiment.py,704d8f62e463a9a2c2f406c0244e25b531004456,n=30_d=0.35_c=0.1_r=10,meirz,LOCAL
0.7859884081701064,1.0,0.0,0.0,1120.0,0.7021479295471508,0.0,1.0,1.0,0.7859884081701064,1.0,1.0,0.7021479295471508,435.0,1.0,0.0,0.8870675785355301,1.0,1.0,0.8870675785355301,0.2,0.35,10,30,.\experiment.py,704d8f62e463a9a2c2f406c0244e25b531004456,n=30_d=0.35_c=0.2_r=10,meirz,LOCAL
0.39093384069020404,0.2422222222222222,0.5169760439564484,0.5612583900215045,1110.0,0.19727940650903708,0.18259441707717566,0.618007662835249,0.24702553002553002,0.423461979471486,1.0,0.08113756613756613,0.22899534711170888,104.0,1.0,0.07635467980295567,0.52648850391589,0.5977777777777769,0.23908045977011494,0.5375530959114273,0.3,0.35,10,30,.\experiment.py,704d8f62e463a9a2c2f406c0244e25b531004456,n=30_d=0.35_c=0.3_r=10,meirz,LOCAL
0.6668333125052067,0.0,0.8870675785355301,0.8870675785355301,0.0,0.44508945399802224,0.0,0.0,0.0,0.6668333125052067,0.03333333333333333,0.0,0.44508945399802224,0.0,0.03333333333333333,0.0,0.0,0.0,0.0,0.0,0.4,0.35,10,30,.\experiment.py,704d8f62e463a9a2c2f406c0244e25b531004456,n=30_d=0.35_c=0.4_r=10,meirz,LOCAL
0.6668333125052067,0.0,0.8870675785355301,0.8870675785355301,0.0,0.44508945399802224,0.0,0.0,0.0,0.6668333125052067,0.03333333333333333,0.0,0.44508945399802224,0.0,0.03333333333333333,0.0,0.0,0.0,0.0,0.0,0.5,0.35,10,30,.\experiment.py,704d8f62e463a9a2c2f406c0244e25b531004456,n=30_d=0.35_c=0.5_r=10,meirz,LOCAL
0.6668333125052067,0.0,0.8870675785355301,0.8870675785355301,0.0,0.44508945399802224,0.0,0.0,0.0,0.6668333125052067,0.03333333333333333,0.0,0.44508945399802224,0.0,0.03333333333333333,0.0,0.0,0.0,0.0,0.0,0.6,0.35,10,30,.\experiment.py,704d8f62e463a9a2c2f406c0244e25b531004456,n=30_d=0.35_c=0.6_r=10,meirz,LOCAL
0.6668333125052067,0.0,0.8870675785355301,0.8870675785355301,0.0,0.44508945399802224,0.0,0.0,0.0,0.6668333125052067,0.03333333333333333,0.0,0.44508945399802224,0.0,0.03333333333333333,0.0,0.0,0.0,0.0,0.0,0.7,0.35,10,30,.\experiment.py,704d8f62e463a9a2c2f406c0244e25b531004456,n=30_d=0.35_c=0.7_r=10,meirz,LOCAL
0.6668333125052067,0.0,0.8870675785355301,0.8870675785355301,0.0,0.44508945399802224,0.0,0.0,0.0,0.6668333125052067,0.03333333333333333,0.0,0.44508945399802224,0.0,0.03333333333333333,0.0,0.0,0.0,0.0,0.0,0.8,0.35,10,30,.\experiment.py,704d8f62e463a9a2c2f406c0244e25b531004456,n=30_d=0.35_c=0.8_r=10,meirz,LOCAL
0.6668333125052067,0.0,0.8870675785355301,0.8870675785355301,0.0,0.44508945399802224,0.0,0.0,0.0,0.6668333125052067,0.03333333333333333,0.0,0.44508945399802224,0.0,0.03333333333333333,0.0,0.0,0.0,0.0,0.0,0.9,0.35,10,30,.\experiment.py,704d8f62e463a9a2c2f406c0244e25b531004456,n=30_d=0.35_c=0.9_r=10,meirz,LOCAL
0.6668333125052067,0.0,0.8870675785355301,0.8870675785355301,0.0,0.44508945399802224,0.0,0.0,0.0,0.6668333125052067,0.03333333333333333,0.0,0.44508945399802224,0.0,0.03333333333333333,0.0,0.0,0.0,0.0,0.0,1,0.35,10,30,.\experiment.py,704d8f62e463a9a2c2f406c0244e25b531004456,n=30_d=0.35_c=1_r=10,meirz,LOCAL
0.7859884081701064,1.0,0.0,0.0,1060.0,0.7021479295471508,0.0,1.0,1.0,0.7859884081701064,1.0,1.0,0.7021479295471508,435.0,1.0,0.0,0.8870675785355301,1.0,1.0,0.8870675785355301,0.1,0.65,10,30,.\experiment.py,704d8f62e463a9a2c2f406c0244e25b531004456,n=30_d=0.65_c=0.1_r=10,meirz,LOCAL
0.7859884081701064,1.0,0.0,0.0,1120.0,0.7021479295471508,0.0,1.0,1.0,0.7859884081701064,1.0,1.0,0.7021479295471508,435.0,1.0,0.0,0.8870675785355301,1.0,1.0,0.8870675785355301,0.2,0.65,10,30,.\experiment.py,704d8f62e463a9a2c2f406c0244e25b531004456,n=30_d=0.65_c=0.2_r=10,meirz,LOCAL
0.393210163175492,0.2495019157088122,0.5121396224367643,0.5657409653720771,880.0,0.19708939983913995,0.180952380952381,0.6195402298850575,0.2526278659611993,0.42663690917469294,1.0,0.060714285714285714,0.2330540098686335,107.0,1.0,0.06896551724137931,0.526729854504619,0.6039208173690924,0.24597701149425288,0.5399964086678744,0.3,0.65,10,30,.\experiment.py,704d8f62e463a9a2c2f406c0244e25b531004456,n=30_d=0.65_c=0.3_r=10,meirz,LOCAL
0.38256616814654715,0.19808429118773946,0.5484661029545351,0.5918491518916652,980.0,0.1727935725553946,0.180623973727422,0.5789272030651333,0.20667031733698402,0.4136099987160224,0.9988888888888888,0.041190476190476194,0.19958450819988874,85.0,1.0,0.08620689655172414,0.5132078513879594,0.5538965517241362,0.19540229885057472,0.5203218133510625,0.4,0.65,10,30,.\experiment.py,704d8f62e463a9a2c2f406c0244e25b531004456,n=30_d=0.65_c=0.4_r=10,meirz,LOCAL
0.38356753793078674,0.18789272030651344,0.556884921338775,0.6059215512102365,1360.0,0.16376600446396783,0.17307060755336626,0.5685823754789261,0.19240348540348542,0.42325646454348664,0.9988888888888888,0.010158730158730157,0.19037490545175909,80.0,1.0,0.06157635467980296,0.5090083258216659,0.5429233716475077,0.1839080459770115,0.5156238026087968,0.5,0.65,10,30,.\experiment.py,704d8f62e463a9a2c2f406c0244e25b531004456,n=30_d=0.65_c=0.5_r=10,meirz,LOCAL
0.3859070452881697,0.14528735632183912,0.594594213204282,0.6319402455999177,600.0,0.1453292594770328,0.15344827586206894,0.5090038314176228,0.1376199294532628,0.38497814372304723,0.9922222222222222,0.0,0.15024568282100192,62.0,1.0,0.14285714285714285,0.49684040668779733,0.48050848385330963,0.1425287356321839,0.4927373212055945,0.6,0.65,10,30,.\experiment.py,704d8f62e463a9a2c2f406c0244e25b531004456,n=30_d=0.65_c=0.6_r=10,meirz,LOCAL
0.6668333125052067,0.0,0.8870675785355301,0.8870675785355301,0.0,0.44508945399802224,0.0,0.0,0.0,0.6668333125052067,0.03333333333333333,0.0,0.44508945399802224,0.0,0.03333333333333333,0.0,0.0,0.0,0.0,0.0,0.7,0.65,10,30,.\experiment.py,704d8f62e463a9a2c2f406c0244e25b531004456,n=30_d=0.65_c=0.7_r=10,meirz,LOCAL
0.6668333125052067,0.0,0.8870675785355301,0.8870675785355301,0.0,0.44508945399802224,0.0,0.0,0.0,0.6668333125052067,0.03333333333333333,0.0,0.44508945399802224,0.0,0.03333333333333333,0.0,0.0,0.0,0.0,0.0,0.8,0.65,10,30,.\experiment.py,704d8f62e463a9a2c2f406c0244e25b531004456,n=30_d=0.65_c=0.8_r=10,meirz,LOCAL
0.6668333125052067,0.0,0.8870675785355301,0.8870675785355301,0.0,0.44508945399802224,0.0,0.0,0.0,0.6668333125052067,0.03333333333333333,0.0,0.44508945399802224,0.0,0.03333333333333333,0.0,0.0,0.0,0.0,0.0,0.9,0.65,10,30,.\experiment.py,704d8f62e463a9a2c2f406c0244e25b531004456,n=30_d=0.65_c=0.9_r=10,meirz,LOCAL
0.6668333125052067,0.0,0.8870675785355301,0.8870675785355301,0.0,0.44508945399802224,0.0,0.0,0.0,0.6668333125052067,0.03333333333333333,0.0,0.44508945399802224,0.0,0.03333333333333333,0.0,0.0,0.0,0.0,0.0,1,0.65,10,30,.\experiment.py,704d8f62e463a9a2c2f406c0244e25b531004456,n=30_d=0.65_c=1_r=10,meirz,LOCAL
0.38332895644949416,0.20091954022988506,0.5463306274343971,0.5915265905204563,1080.0,0.17127572550296175,0.18004926108374383,0.5823754789272023,0.20928078711412043,0.43115367350759065,0.9988888888888888,0.03603174603174603,0.20142810135267136,86.0,1.0,0.046798029556650245,0.5130652453005745,0.5570549169859497,0.19770114942528735,0.5213813493634994,0.1,0.95,10,30,.\experiment.py,704d8f62e463a9a2c2f406c0244e25b531004456,n=30_d=0.95_c=0.1_r=10,meirz,LOCAL
0.3872591564239168,0.12888888888888891,0.6093719022607064,0.6399815227309548,440.0,0.11971482951905477,0.1488505747126437,0.47337164750957655,0.12054593554593553,0.41041094193910116,0.99,0.0,0.13450454354569033,55.0,1.0,0.08620689655172414,0.4861981180274449,0.4503273125342074,0.12643678160919541,0.48400536389038795,0.2,0.95,10,30,.\experiment.py,704d8f62e463a9a2c2f406c0244e25b531004456,n=30_d=0.95_c=0.2_r=10,meirz,LOCAL
0.3971734060268736,0.09816091954022992,0.6450370595814597,0.6591057312698659,980.0,0.09017645218489359,0.13374384236453202,0.4090038314176232,0.08084567901234568,0.41482428373438296,0.9455555555555554,0.0,0.09779623806365868,42.0,1.0,0.0812807881773399,0.4727911548494698,0.3664749133369815,0.09655172413793103,0.44732812344671036,0.3,0.95,10,30,.\experiment.py,704d8f62e463a9a2c2f406c0244e25b531004456,n=30_d=0.95_c=0.3_r=10,meirz,LOCAL
0.40749252061764063,0.0835249042145594,0.6683759326129577,0.6714956009759897,1320.0,0.07539885071385698,0.12479474548440066,0.36441160372194725,0.0563042328042328,0.41131560348867674,0.8966666666666666,0.0,0.0854435785770052,36.0,1.0,0.0960591133004926,0.4654710740568477,0.30942623277105985,0.08275862068965517,0.4163674681642588,0.4,0.95,10,30,.\experiment.py,704d8f62e463a9a2c2f406c0244e25b531004456,n=30_d=0.95_c=0.4_r=10,meirz,LOCAL
0.40377202264190853,0.08620689655172414,0.664418450203846,0.6683873656516821,1080.0,0.07966017095097899,0.1293103448275862,0.3772413793103436,0.058222222222222224,0.41140515890285223,0.9077777777777778,0.0,0.08714434199265551,37.0,1.0,0.09359605911330049,0.46749342207304784,0.3217153527613293,0.08505747126436781,0.42324850290936705,0.5,0.95,10,30,.\experiment.py,704d8f62e463a9a2c2f406c0244e25b531004456,n=30_d=0.95_c=0.5_r=10,meirz,LOCAL
0.41176661003106724,0.07770114942528734,0.6810124279510708,0.6775637976373082,2370.0,0.0584828793495497,0.12487684729064039,0.33893267651888276,0.039523809523809524,0.42644901741643787,0.8644444444444446,0.0,0.08829562480538654,33.0,1.0,0.0665024630541872,0.4603254141923299,0.28461869101524245,0.07586206896551724,0.3987348255214513,0.6,0.95,10,30,.\experiment.py,704d8f62e463a9a2c2f406c0244e25b531004456,n=30_d=0.95_c=0.6_r=10,meirz,LOCAL
0.41176661003106724,0.07770114942528734,0.6810124279510708,0.6796932106737873,300.0,0.06638553001377763,0.12487684729064039,0.3327805145046512,0.039523809523809524,0.41087978354216087,0.8644444444444446,0.0,0.08829562480538654,33.0,1.0,0.10344827586206896,0.4607914744361029,0.28461869101524245,0.07586206896551724,0.3987348255214513,0.7,0.95,10,30,.\experiment.py,704d8f62e463a9a2c2f406c0244e25b531004456,n=30_d=0.95_c=0.7_r=10,meirz,LOCAL
0.41475584165119916,0.07593869731800765,0.6841249810824188,0.6829298053886749,600.0,0.06318794210649409,0.12060755336617406,0.3199534756431296,0.03582010582010583,0.4110895464075574,0.8588888888888889,0.0,0.08760932507488656,32.0,1.0,0.10591133004926108,0.4590083720267812,0.27740449652518595,0.0735632183908046,0.39499143728980457,0.8,0.95,10,30,.\experiment.py,704d8f62e463a9a2c2f406c0244e25b531004456,n=30_d=0.95_c=0.8_r=10,meirz,LOCAL
0.41475584165119916,0.07593869731800765,0.6841249810824188,0.6813694575253217,1030.0,0.053081021872095076,0.12060755336617406,0.32303594234628624,0.03582010582010583,0.42687182225282916,0.8588888888888889,0.0,0.08760932507488656,32.0,1.0,0.06896551724137931,0.4580315391237555,0.27740449652518595,0.0735632183908046,0.39499143728980457,0.9,0.95,10,30,.\experiment.py,704d8f62e463a9a2c2f406c0244e25b531004456,n=30_d=0.95_c=0.9_r=10,meirz,LOCAL
0.6668333125052067,0.0,0.8870675785355301,0.8870675785355301,0.0,0.44508945399802224,0.0,0.0,0.0,0.6668333125052067,0.03333333333333333,0.0,0.44508945399802224,0.0,0.03333333333333333,0.0,0.0,0.0,0.0,0.0,1,0.95,10,30,.\experiment.py,704d8f62e463a9a2c2f406c0244e25b531004456,n=30_d=0.95_c=1_r=10,meirz,LOCAL
0.7859884081701064,1.0,0.0,0.0,1130.0,0.7021479295471508,0.0,1.0,1.0,0.7859884081701064,1.0,1.0,0.7021479295471508,435.0,1.0,0.0,0.8870675785355301,1.0,1.0,0.8870675785355301,0.1,0.35,8,30,.\experiment.py,704d8f62e463a9a2c2f406c0244e25b531004456,n=30_d=0.35_c=0.1_r=8,meirz,LOCAL
0.7859884081701064,1.0,0.0,0.0,1080.0,0.7021479295471508,0.0,1.0,1.0,0.7859884081701064,1.0,1.0,0.7021479295471508,435.0,1.0,0.0,0.8870675785355301,1.0,1.0,0.8870675785355301,0.2,0.35,8,30,.\experiment.py,704d8f62e463a9a2c2f406c0244e25b531004456,n=30_d=0.35_c=0.2_r=8,meirz,LOCAL
0.3905465713244924,0.2320306513409962,0.5242177016621519,0.5656890624006343,940.0,0.1906620023654908,0.17750410509031198,0.6107279693486589,0.2360366485366485,0.4341373022893408,1.0,0.07642857142857143,0.2213732813946168,100.0,1.0,0.04926108374384237,0.5231726708343962,0.5887867177522338,0.22988505747126436,0.5333241928478298,0.3,0.35,8,30,.\experiment.py,704d8f62e463a9a2c2f406c0244e25b531004456,n=30_d=0.35_c=0.3_r=8,meirz,LOCAL
0.6668333125052067,0.0,0.8870675785355301,0.8870675785355301,0.0,0.44508945399802224,0.0,0.0,0.0,0.6668333125052067,0.03333333333333333,0.0,0.44508945399802224,0.0,0.03333333333333333,0.0,0.0,0.0,0.0,0.0,0.4,0.35,8,30,.\experiment.py,704d8f62e463a9a2c2f406c0244e25b531004456,n=30_d=0.35_c=0.4_r=8,meirz,LOCAL
0.6668333125052067,0.0,0.8870675785355301,0.8870675785355301,0.0,0.44508945399802224,0.0,0.0,0.0,0.6668333125052067,0.03333333333333333,0.0,0.44508945399802224,0.0,0.03333333333333333,0.0,0.0,0.0,0.0,0.0,0.5,0.35,8,30,.\experiment.py,704d8f62e463a9a2c2f406c0244e25b531004456,n=30_d=0.35_c=0.5_r=8,meirz,LOCAL
0.6668333125052067,0.0,0.8870675785355301,0.8870675785355301,0.0,0.44508945399802224,0.0,0.0,0.0,0.6668333125052067,0.03333333333333333,0.0,0.44508945399802224,0.0,0.03333333333333333,0.0,0.0,0.0,0.0,0.0,0.6,0.35,8,30,.\experiment.py,704d8f62e463a9a2c2f406c0244e25b531004456,n=30_d=0.35_c=0.6_r=8,meirz,LOCAL
0.6668333125052067,0.0,0.8870675785355301,0.8870675785355301,0.0,0.44508945399802224,0.0,0.0,0.0,0.6668333125052067,0.03333333333333333,0.0,0.44508945399802224,0.0,0.03333333333333333,0.0,0.0,0.0,0.0,0.0,0.7,0.35,8,30,.\experiment.py,704d8f62e463a9a2c2f406c0244e25b531004456,n=30_d=0.35_c=0.7_r=8,meirz,LOCAL
0.6668333125052067,0.0,0.8870675785355301,0.8870675785355301,0.0,0.44508945399802224,0.0,0.0,0.0,0.6668333125052067,0.03333333333333333,0.0,0.44508945399802224,0.0,0.03333333333333333,0.0,0.0,0.0,0.0,0.0,0.8,0.35,8,30,.\experiment.py,704d8f62e463a9a2c2f406c0244e25b531004456,n=30_d=0.35_c=0.8_r=8,meirz,LOCAL
0.6668333125052067,0.0,0.8870675785355301,0.8870675785355301,0.0,0.44508945399802224,0.0,0.0,0.0,0.6668333125052067,0.03333333333333333,0.0,0.44508945399802224,0.0,0.03333333333333333,0.0,0.0,0.0,0.0,0.0,0.9,0.35,8,30,.\experiment.py,704d8f62e463a9a2c2f406c0244e25b531004456,n=30_d=0.35_c=0.9_r=8,meirz,LOCAL
0.6668333125052067,0.0,0.8870675785355301,0.8870675785355301,0.0,0.44508945399802224,0.0,0.0,0.0,0.6668333125052067,0.03333333333333333,0.0,0.44508945399802224,0.0,0.03333333333333333,0.0,0.0,0.0,0.0,0.0,1,0.35,8,30,.\experiment.py,704d8f62e463a9a2c2f406c0244e25b531004456,n=30_d=0.35_c=1_r=8,meirz,LOCAL
0.7859884081701064,1.0,0.0,0.0,1130.0,0.7021479295471508,0.0,1.0,1.0,0.7859884081701064,1.0,1.0,0.7021479295471508,435.0,1.0,0.0,0.8870675785355301,1.0,1.0,0.8870675785355301,0.1,0.65,8,30,.\experiment.py,704d8f62e463a9a2c2f406c0244e25b531004456,n=30_d=0.65_c=0.1_r=8,meirz,LOCAL
0.7859884081701064,1.0,0.0,0.0,1080.0,0.7021479295471508,0.0,1.0,1.0,0.7859884081701064,1.0,1.0,0.7021479295471508,435.0,1.0,0.0,0.8870675785355301,1.0,1.0,0.8870675785355301,0.2,0.65,8,30,.\experiment.py,704d8f62e463a9a2c2f406c0244e25b531004456,n=30_d=0.65_c=0.2_r=8,meirz,LOCAL
0.3925421363153458,0.23946360153256704,0.5188035528598555,0.5599733598894282,1230.0,0.1973205870220989,0.17692939244663383,0.6172413793103448,0.24353618603618601,0.4224251379953763,1.0,0.08751322751322752,0.22610696154326637,103.0,1.0,0.07881773399014778,0.526377753217529,0.5952426564495519,0.2367816091954023,0.5360438349204473,0.3,0.65,8,30,.\experiment.py,704d8f62e463a9a2c2f406c0244e25b531004456,n=30_d=0.65_c=0.3_r=8,meirz,LOCAL
0.3840796786442635,0.18934865900383144,0.5554160888394224,0.6047549505228249,780.0,0.16598086185460265,0.17274220032840729,0.564942528735631,0.19507726224392888,0.4080833899980049,0.9988888888888888,0.01619047619047619,0.19154311584669606,81.0,1.0,0.0960591133004926,0.5094638354798954,0.5444367816091934,0.18620689655172415,0.516228023400243,0.4,0.65,8,30,.\experiment.py,704d8f62e463a9a2c2f406c0244e25b531004456,n=30_d=0.65_c=0.4_r=8,meirz,LOCAL
0.38332895644949416,0.20091954022988506,0.5463306274343971,0.591933178601278,740.0,0.1738229010908787,0.18004926108374383,0.5816091954022978,0.20928078711412043,0.41483518020510185,0.9988888888888888,0.03761904761904762,0.20142810135267136,86.0,1.0,0.08374384236453201,0.5138536112518375,0.5570549169859497,0.19770114942528735,0.5213813493634994,0.5,0.65,8,30,.\experiment.py,704d8f62e463a9a2c2f406c0244e25b531004456,n=30_d=0.65_c=0.5_r=8,meirz,LOCAL
0.3851989942481873,0.150727969348659,0.5889641499649053,0.6286262812992922,550.0,0.13980127965759473,0.15623973727422003,0.5118773946360138,0.14541887125220457,0.40377263492200727,0.9966666666666666,0.0,0.15655344947682792,64.0,1.0,0.10098522167487685,0.4956424346200746,0.49166940339353943,0.1471264367816092,0.49759950516619744,0.6,0.65,8,30,.\experiment.py,704d8f62e463a9a2c2f406c0244e25b531004456,n=30_d=0.65_c=0.6_r=8,meirz,LOCAL
0.6668333125052067,0.0,0.8870675785355301,0.8870675785355301,0.0,0.44508945399802224,0.0,0.0,0.0,0.6668333125052067,0.03333333333333333,0.0,0.44508945399802224,0.0,0.03333333333333333,0.0,0.0,0.0,0.0,0.0,0.7,0.65,8,30,.\experiment.py,704d8f62e463a9a2c2f406c0244e25b531004456,n=30_d=0.65_c=0.7_r=8,meirz,LOCAL
0.6668333125052067,0.0,0.8870675785355301,0.8870675785355301,0.0,0.44508945399802224,0.0,0.0,0.0,0.6668333125052067,0.03333333333333333,0.0,0.44508945399802224,0.0,0.03333333333333333,0.0,0.0,0.0,0.0,0.0,0.8,0.65,8,30,.\experiment.py,704d8f62e463a9a2c2f406c0244e25b531004456,n=30_d=0.65_c=0.8_r=8,meirz,LOCAL
0.6668333125052067,0.0,0.8870675785355301,0.8870675785355301,0.0,0.44508945399802224,0.0,0.0,0.0,0.6668333125052067,0.03333333333333333,0.0,0.44508945399802224,0.0,0.03333333333333333,0.0,0.0,0.0,0.0,0.0,0.9,0.65,8,30,.\experiment.py,704d8f62e463a9a2c2f406c0244e25b531004456,n=30_d=0.65_c=0.9_r=8,meirz,LOCAL
0.6668333125052067,0.0,0.8870675785355301,0.8870675785355301,0.0,0.44508945399802224,0.0,0.0,0.0,0.6668333125052067,0.03333333333333333,0.0,0.44508945399802224,0.0,0.03333333333333333,0.0,0.0,0.0,0.0,0.0,1,0.65,8,30,.\experiment.py,704d8f62e463a9a2c2f406c0244e25b531004456,n=30_d=0.65_c=1_r=8,meirz,LOCAL
0.3840796786442635,0.18934865900383144,0.5554160888394224,0.5981035355805825,570.0,0.16737573794423133,0.17274220032840729,0.5668582375478917,0.19507726224392888,0.4083649803003399,0.9988888888888888,0.03587301587301587,0.19154311584669606,81.0,1.0,0.0960591133004926,0.5100901764903287,0.5444367816091934,0.18620689655172415,0.516228023400243,0.1,0.95,8,30,.\experiment.py,704d8f62e463a9a2c2f406c0244e25b531004456,n=30_d=0.95_c=0.1_r=8,meirz,LOCAL
0.38720061512414494,0.13126436781609196,0.6077374643294401,0.6389109572294291,1110.0,0.12053982463135861,0.14876847290640396,0.47567049808428913,0.12091630591630588,0.4115101227076317,0.99,0.0,0.13633441582693032,56.0,1.0,0.08374384236453201,0.4866811607859844,0.4550207991242458,0.12873563218390804,0.48502333646378004,0.2,0.95,8,30,.\experiment.py,704d8f62e463a9a2c2f406c0244e25b531004456,n=30_d=0.95_c=0.2_r=8,meirz,LOCAL
0.39457932041335575,0.10314176245210728,0.6387063573872807,0.657577867509021,2130.0,0.08996170640721614,0.13579638752052545,0.40984674329501797,0.08457583774250442,0.41702725956063935,0.9644444444444444,0.0,0.10322579528474855,44.0,1.0,0.07635467980295567,0.4729651236185922,0.3854529282977549,0.10114942528735632,0.4586444844371466,0.3,0.95,8,30,.\experiment.py,704d8f62e463a9a2c2f406c0244e25b531004456,n=30_d=0.95_c=0.3_r=8,meirz,LOCAL
0.40008704943416007,0.09072796934865898,0.657049139558063,0.6645915525123726,580.0,0.08376552754238861,0.1330870279146141,0.39022988505747014,0.06662610229276895,0.4126813606140063,0.9222222222222222,0.0,0.0909214411692863,39.0,1.0,0.08866995073891626,0.46960072779777495,0.3390583530985825,0.0896551724137931,0.43254289556622,0.4,0.95,8,30,.\experiment.py,704d8f62e463a9a2c2f406c0244e25b531004456,n=30_d=0.95_c=0.4_r=8,meirz,LOCAL
0.40008704943416007,0.09072796934865898,0.657049139558063,0.6655511253728909,1050.0,0.08173693164617726,0.1330870279146141,0.38501915708812107,0.06662610229276895,0.4130491556601928,0.9222222222222222,0.0,0.0909214411692863,39.0,1.0,0.08866995073891626,0.46873971580694557,0.3390583530985825,0.0896551724137931,0.43254289556622,0.5,0.95,8,30,.\experiment.py,704d8f62e463a9a2c2f406c0244e25b531004456,n=30_d=0.95_c=0.5_r=8,meirz,LOCAL
0.408451971912817,0.08145593869731801,0.6731187712307181,0.6734981112338512,1040.0,0.07348748321301132,0.1257799671592775,0.35755336617405425,0.04937566137566138,0.41079219298042996,0.8855555555555555,0.0,0.08602437043850783,35.0,1.0,0.09852216748768473,0.46442851897795046,0.30063139606243017,0.08045977011494253,0.41025737735518236,0.6,0.95,8,30,.\experiment.py,704d8f62e463a9a2c2f406c0244e25b531004456,n=30_d=0.95_c=0.6_r=8,meirz,LOCAL
0.41475584165119916,0.07593869731800765,0.6841249810824188,0.6802126387602498,670.0,0.055225915993000495,0.12060755336617406,0.32887794198138903,0.03582010582010583,0.4263038300471092,0.8588888888888889,0.0,0.08760932507488656,32.0,1.0,0.06896551724137931,0.4588622745083197,0.27740449652518595,0.0735632183908046,0.39499143728980457,0.7,0.95,8,30,.\experiment.py,704d8f62e463a9a2c2f406c0244e25b531004456,n=30_d=0.95_c=0.7_r=8,meirz,LOCAL
0.41795510428905425,0.07379310344827586,0.6878320794193516,0.6827767977512222,630.0,0.05238759939296769,0.11921182266009848,0.3193614303959131,0.03594708994708995,0.4261572508034338,0.8433333333333334,0.0,0.09119832526268817,31.0,1.0,0.07142857142857142,0.4575187031380295,0.26545815933746947,0.07126436781609195,0.386656723312287,0.8,0.95,8,30,.\experiment.py,704d8f62e463a9a2c2f406c0244e25b531004456,n=30_d=0.95_c=0.8_r=8,meirz,LOCAL
0.41795510428905425,0.07379310344827586,0.6878320794193516,0.6816520166673702,390.0,0.054415286556696585,0.11921182266009848,0.3250218938149967,0.03594708994708995,0.4255959803967243,0.8433333333333334,0.0,0.09119832526268817,31.0,1.0,0.07142857142857142,0.45831524671127516,0.26545815933746947,0.07126436781609195,0.386656723312287,0.9,0.95,8,30,.\experiment.py,704d8f62e463a9a2c2f406c0244e25b531004456,n=30_d=0.95_c=0.9_r=8,meirz,LOCAL
0.6668333125052067,0.0,0.8870675785355301,0.8870675785355301,0.0,0.44508945399802224,0.0,0.0,0.0,0.6668333125052067,0.03333333333333333,0.0,0.44508945399802224,0.0,0.03333333333333333,0.0,0.0,0.0,0.0,0.0,1,0.95,8,30,.\experiment.py,704d8f62e463a9a2c2f406c0244e25b531004456,n=30_d=0.95_c=1_r=8,meirz,LOCAL
0.7859884081701064,1.0,0.0,0.0,1150.0,0.7021479295471508,0.0,1.0,1.0,0.7859884081701064,1.0,1.0,0.7021479295471508,435.0,1.0,0.0,0.8870675785355301,1.0,1.0,0.8870675785355301,0.1,0.35,5,30,.\experiment.py,704d8f62e463a9a2c2f406c0244e25b531004456,n=30_d=0.35_c=0.1_r=5,meirz,LOCAL
0.7859884081701064,1.0,0.0,0.0,1050.0,0.7021479295471508,0.0,1.0,1.0,0.7859884081701064,1.0,1.0,0.7021479295471508,435.0,1.0,0.0,0.8870675785355301,1.0,1.0,0.8870675785355301,0.2,0.35,5,30,.\experiment.py,704d8f62e463a9a2c2f406c0244e25b531004456,n=30_d=0.35_c=0.2_r=5,meirz,LOCAL
0.39093384069020404,0.2422222222222222,0.5169760439564484,0.5803985229994036,1110.0,0.19742305896885934,0.18259441707717566,0.6168582375478926,0.24702553002553002,0.4058811097341043,1.0,0.027539682539682538,0.22899534711170888,104.0,1.0,0.11330049261083744,0.5264434312742958,0.5977777777777769,0.23908045977011494,0.5375530959114273,0.3,0.35,5,30,.\experiment.py,704d8f62e463a9a2c2f406c0244e25b531004456,n=30_d=0.35_c=0.3_r=5,meirz,LOCAL
0.6668333125052067,0.0,0.8870675785355301,0.8870675785355301,0.0,0.44508945399802224,0.0,0.0,0.0,0.6668333125052067,0.03333333333333333,0.0,0.44508945399802224,0.0,0.03333333333333333,0.0,0.0,0.0,0.0,0.0,0.4,0.35,5,30,.\experiment.py,704d8f62e463a9a2c2f406c0244e25b531004456,n=30_d=0.35_c=0.4_r=5,meirz,LOCAL
0.6668333125052067,0.0,0.8870675785355301,0.8870675785355301,0.0,0.44508945399802224,0.0,0.0,0.0,0.6668333125052067,0.03333333333333333,0.0,0.44508945399802224,0.0,0.03333333333333333,0.0,0.0,0.0,0.0,0.0,0.5,0.35,5,30,.\experiment.py,704d8f62e463a9a2c2f406c0244e25b531004456,n=30_d=0.35_c=0.5_r=5,meirz,LOCAL
0.6668333125052067,0.0,0.8870675785355301,0.8870675785355301,0.0,0.44508945399802224,0.0,0.0,0.0,0.6668333125052067,0.03333333333333333,0.0,0.44508945399802224,0.0,0.03333333333333333,0.0,0.0,0.0,0.0,0.0,0.6,0.35,5,30,.\experiment.py,704d8f62e463a9a2c2f406c0244e25b531004456,n=30_d=0.35_c=0.6_r=5,meirz,LOCAL
0.6668333125052067,0.0,0.8870675785355301,0.8870675785355301,0.0,0.44508945399802224,0.0,0.0,0.0,0.6668333125052067,0.03333333333333333,0.0,0.44508945399802224,0.0,0.03333333333333333,0.0,0.0,0.0,0.0,0.0,0.7,0.35,5,30,.\experiment.py,704d8f62e463a9a2c2f406c0244e25b531004456,n=30_d=0.35_c=0.7_r=5,meirz,LOCAL
0.6668333125052067,0.0,0.8870675785355301,0.8870675785355301,0.0,0.44508945399802224,0.0,0.0,0.0,0.6668333125052067,0.03333333333333333,0.0,0.44508945399802224,0.0,0.03333333333333333,0.0,0.0,0.0,0.0,0.0,0.8,0.35,5,30,.\experiment.py,704d8f62e463a9a2c2f406c0244e25b531004456,n=30_d=0.35_c=0.8_r=5,meirz,LOCAL
0.6668333125052067,0.0,0.8870675785355301,0.8870675785355301,0.0,0.44508945399802224,0.0,0.0,0.0,0.6668333125052067,0.03333333333333333,0.0,0.44508945399802224,0.0,0.03333333333333333,0.0,0.0,0.0,0.0,0.0,0.9,0.35,5,30,.\experiment.py,704d8f62e463a9a2c2f406c0244e25b531004456,n=30_d=0.35_c=0.9_r=5,meirz,LOCAL
0.6668333125052067,0.0,0.8870675785355301,0.8870675785355301,0.0,0.44508945399802224,0.0,0.0,0.0,0.6668333125052067,0.03333333333333333,0.0,0.44508945399802224,0.0,0.03333333333333333,0.0,0.0,0.0,0.0,0.0,1,0.35,5,30,.\experiment.py,704d8f62e463a9a2c2f406c0244e25b531004456,n=30_d=0.35_c=1_r=5,meirz,LOCAL
0.7859884081701064,1.0,0.0,0.0,1110.0,0.7021479295471508,0.0,1.0,1.0,0.7859884081701064,1.0,1.0,0.7021479295471508,435.0,1.0,0.0,0.8870675785355301,1.0,1.0,0.8870675785355301,0.1,0.65,5,30,.\experiment.py,704d8f62e463a9a2c2f406c0244e25b531004456,n=30_d=0.65_c=0.1_r=5,meirz,LOCAL
0.7859884081701064,1.0,0.0,0.0,1060.0,0.7021479295471508,0.0,1.0,1.0,0.7859884081701064,1.0,1.0,0.7021479295471508,435.0,1.0,0.0,0.8870675785355301,1.0,1.0,0.8870675785355301,0.2,0.65,5,30,.\experiment.py,704d8f62e463a9a2c2f406c0244e25b531004456,n=30_d=0.65_c=0.2_r=5,meirz,LOCAL
0.3911915353720374,0.2345593869731801,0.5224837627103849,0.5466728004584757,1050.0,0.20089289061736793,0.17725779967159283,0.6137931034482759,0.23819092635759306,0.42227245055751167,1.0,0.1348148148148148,0.2228949896414467,101.0,1.0,0.08374384236453201,0.5273108856961216,0.5910089399744561,0.23218390804597702,0.5342114492473765,0.3,0.65,5,30,.\experiment.py,704d8f62e463a9a2c2f406c0244e25b531004456,n=30_d=0.65_c=0.3_r=5,meirz,LOCAL
0.3853635702840536,0.18390804597701152,0.5610142035927245,0.6049002600679713,870.0,0.17044380149693794,0.16625615763546794,0.5620689655172397,0.18337128303794972,0.3881311571683892,0.9988888888888888,0.028148148148148148,0.18529947127509772,78.0,1.0,0.14039408866995073,0.5104940713822029,0.5383141762452089,0.1793103448275862,0.5132578279930139,0.4,0.65,5,30,.\experiment.py,704d8f62e463a9a2c2f406c0244e25b531004456,n=30_d=0.65_c=0.4_r=5,meirz,LOCAL
0.38332895644949416,0.20091954022988506,0.5463306274343971,0.5921929749576926,840.0,0.17165059026499319,0.18004926108374383,0.5835249042145587,0.20928078711412043,0.4311391757271393,0.9988888888888888,0.03349206349206349,0.20142810135267136,86.0,1.0,0.046798029556650245,0.5132919786348654,0.5570549169859497,0.19770114942528735,0.5213813493634994,0.5,0.65,5,30,.\experiment.py,704d8f62e463a9a2c2f406c0244e25b531004456,n=30_d=0.65_c=0.5_r=5,meirz,LOCAL
0.3854560432354578,0.1425287356321839,0.5971815265119848,0.6333334469792714,670.0,0.14395603997082107,0.15394088669950737,0.504789272030649,0.13411552028218696,0.38384993841760584,0.9922222222222222,0.0,0.1479789425915916,61.0,1.0,0.14532019704433496,0.4959917406437153,0.4762083561393887,0.14022988505747128,0.49157736106351524,0.6,0.65,5,30,.\experiment.py,704d8f62e463a9a2c2f406c0244e25b531004456,n=30_d=0.65_c=0.6_r=5,meirz,LOCAL
0.6668333125052067,0.0,0.8870675785355301,0.8870675785355301,0.0,0.44508945399802224,0.0,0.0,0.0,0.6668333125052067,0.03333333333333333,0.0,0.44508945399802224,0.0,0.03333333333333333,0.0,0.0,0.0,0.0,0.0,0.7,0.65,5,30,.\experiment.py,704d8f62e463a9a2c2f406c0244e25b531004456,n=30_d=0.65_c=0.7_r=5,meirz,LOCAL
0.6668333125052067,0.0,0.8870675785355301,0.8870675785355301,0.0,0.44508945399802224,0.0,0.0,0.0,0.6668333125052067,0.03333333333333333,0.0,0.44508945399802224,0.0,0.03333333333333333,0.0,0.0,0.0,0.0,0.0,0.8,0.65,5,30,.\experiment.py,704d8f62e463a9a2c2f406c0244e25b531004456,n=30_d=0.65_c=0.8_r=5,meirz,LOCAL
0.6668333125052067,0.0,0.8870675785355301,0.8870675785355301,0.0,0.44508945399802224,0.0,0.0,0.0,0.6668333125052067,0.03333333333333333,0.0,0.44508945399802224,0.0,0.03333333333333333,0.0,0.0,0.0,0.0,0.0,0.9,0.65,5,30,.\experiment.py,704d8f62e463a9a2c2f406c0244e25b531004456,n=30_d=0.65_c=0.9_r=5,meirz,LOCAL
0.6668333125052067,0.0,0.8870675785355301,0.8870675785355301,0.0,0.44508945399802224,0.0,0.0,0.0,0.6668333125052067,0.03333333333333333,0.0,0.44508945399802224,0.0,0.03333333333333333,0.0,0.0,0.0,0.0,0.0,1,0.65,5,30,.\experiment.py,704d8f62e463a9a2c2f406c0244e25b531004456,n=30_d=0.65_c=1_r=5,meirz,LOCAL
0.38256616814654715,0.19808429118773946,0.5484661029545351,0.597313851580163,640.0,0.17109152082381293,0.180623973727422,0.5762452107279685,0.20667031733698402,0.4133001849853704,0.9988888888888888,0.025555555555555554,0.19958450819988874,85.0,1.0,0.08620689655172414,0.5124001875800374,0.5538965517241362,0.19540229885057472,0.5203218133510625,0.1,0.95,5,30,.\experiment.py,704d8f62e463a9a2c2f406c0244e25b531004456,n=30_d=0.95_c=0.1_r=5,meirz,LOCAL
0.3873358449744725,0.12229885057471263,0.6165857722807855,0.6441008571552357,330.0,0.115201980491379,0.14852216748768476,0.4611494252873542,0.11115969215969215,0.4073264622690598,0.9866666666666667,0.0,0.1274749720008876,52.0,1.0,0.09359605911330049,0.48376716005322523,0.43585723408137045,0.11954022988505747,0.47920523644753305,0.2,0.95,5,30,.\experiment.py,704d8f62e463a9a2c2f406c0244e25b531004456,n=30_d=0.95_c=0.2_r=5,meirz,LOCAL
0.3933640707950697,0.10789272030651335,0.6334231387972302,0.6535867269482953,910.0,0.09558241143585483,0.13686371100164202,0.4245977011494238,0.08953615520282186,0.418472368980668,0.9722222222222221,0.0,0.10825763444139858,46.0,1.0,0.07142857142857142,0.47560743220260615,0.3984841878002786,0.10574712643678161,0.4644763139663085,0.3,0.95,5,30,.\experiment.py,704d8f62e463a9a2c2f406c0244e25b531004456,n=30_d=0.95_c=0.3_r=5,meirz,LOCAL
0.39457932041335575,0.10314176245210728,0.6387063573872807,0.6566795526543514,1130.0,0.08566928101527749,0.13579638752052545,0.41122605363984543,0.08457583774250442,0.4333207987632082,0.9644444444444444,0.0,0.10322579528474855,44.0,1.0,0.03940886699507389,0.4722998150900429,0.3854529282977549,0.10114942528735632,0.4586444844371466,0.4,0.95,5,30,.\experiment.py,704d8f62e463a9a2c2f406c0244e25b531004456,n=30_d=0.95_c=0.4_r=5,meirz,LOCAL
0.40008704943416007,0.09072796934865898,0.657049139558063,0.6656604123441805,370.0,0.08150781587775702,0.1330870279146141,0.38442802408319526,0.06662610229276895,0.4130916898717703,0.9222222222222222,0.0,0.0909214411692863,39.0,1.0,0.08866995073891626,0.4686426698988352,0.3390583530985825,0.0896551724137931,0.43254289556622,0.5,0.95,5,30,.\experiment.py,704d8f62e463a9a2c2f406c0244e25b531004456,n=30_d=0.95_c=0.5_r=5,meirz,LOCAL
0.40008704943416007,0.09072796934865898,0.657049139558063,0.666280952983001,870.0,0.09177922345799036,0.1330870279146141,0.3875095785440602,0.06662610229276895,0.396570506168872,0.9222222222222222,0.0,0.0909214411692863,39.0,1.0,0.12561576354679804,0.4708344694050833,0.3390583530985825,0.0896551724137931,0.43254289556622,0.6,0.95,5,30,.\experiment.py,704d8f62e463a9a2c2f406c0244e25b531004456,n=30_d=0.95_c=0.6_r=5,meirz,LOCAL
0.40008704943416007,0.09072796934865898,0.657049139558063,0.6662183156488805,680.0,0.08034438118250972,0.1330870279146141,0.38141762452107164,0.06662610229276895,0.4133108546038023,0.9222222222222222,0.0,0.0909214411692863,39.0,1.0,0.08866995073891626,0.46815045847341225,0.3390583530985825,0.0896551724137931,0.43254289556622,0.7,0.95,5,30,.\experiment.py,704d8f62e463a9a2c2f406c0244e25b531004456,n=30_d=0.95_c=0.7_r=5,meirz,LOCAL
0.40749252061764063,0.0835249042145594,0.6683759326129577,0.6709350822838587,500.0,0.07648755513596096,0.12479474548440066,0.36737821565407686,0.0563042328042328,0.41107400275748535,0.8966666666666666,0.0,0.0854435785770052,36.0,1.0,0.0960591133004926,0.4659372361870532,0.30942623277105985,0.08275862068965517,0.4163674681642588,0.8,0.95,5,30,.\experiment.py,704d8f62e463a9a2c2f406c0244e25b531004456,n=30_d=0.95_c=0.8_r=5,meirz,LOCAL
0.4013553120015133,0.0890421455938697,0.6601212642477993,0.669119811886071,590.0,0.07630614376750708,0.13119868637110016,0.3696168582375471,0.061166666666666675,0.41310298008694835,0.9188888888888889,0.0,0.08882675748195305,38.0,1.0,0.09113300492610837,0.4662611752848299,0.33384981451073364,0.08735632183908046,0.4300110000297046,0.9,0.95,5,30,.\experiment.py,704d8f62e463a9a2c2f406c0244e25b531004456,n=30_d=0.95_c=0.9_r=5,meirz,LOCAL
0.6668333125052067,0.0,0.8870675785355301,0.8870675785355301,0.0,0.44508945399802224,0.0,0.0,0.0,0.6668333125052067,0.03333333333333333,0.0,0.44508945399802224,0.0,0.03333333333333333,0.0,0.0,0.0,0.0,0.0,1,0.95,5,30,.\experiment.py,704d8f62e463a9a2c2f406c0244e25b531004456,n=30_d=0.95_c=1_r=5,meirz,LOCAL
0.7859884081701064,1.0,0.0,0.0,1150.0,0.7021479295471508,0.0,1.0,1.0,0.7859884081701064,1.0,1.0,0.7021479295471508,435.0,1.0,0.0,0.8870675785355301,1.0,1.0,0.8870675785355301,0.1,0.35,3,30,.\experiment.py,704d8f62e463a9a2c2f406c0244e25b531004456,n=30_d=0.35_c=0.1_r=3,meirz,LOCAL
0.7859884081701064,1.0,0.0,0.0,1140.0,0.7021479295471508,0.0,1.0,1.0,0.7859884081701064,1.0,1.0,0.7021479295471508,435.0,1.0,0.0,0.8870675785355301,1.0,1.0,0.8870675785355301,0.2,0.35,3,30,.\experiment.py,704d8f62e463a9a2c2f406c0244e25b531004456,n=30_d=0.35_c=0.2_r=3,meirz,LOCAL
0.39093384069020404,0.2422222222222222,0.5169760439564484,0.5590201679364103,710.0,0.1963607849467352,0.18259441707717566,0.6137931034482756,0.24702553002553002,0.42364564620155226,1.0,0.08976190476190475,0.22899534711170888,104.0,1.0,0.07635467980295567,0.5257819169966378,0.5977777777777769,0.23908045977011494,0.5375530959114273,0.3,0.35,3,30,.\experiment.py,704d8f62e463a9a2c2f406c0244e25b531004456,n=30_d=0.35_c=0.3_r=3,meirz,LOCAL
0.6668333125052067,0.0,0.8870675785355301,0.8870675785355301,0.0,0.44508945399802224,0.0,0.0,0.0,0.6668333125052067,0.03333333333333333,0.0,0.44508945399802224,0.0,0.03333333333333333,0.0,0.0,0.0,0.0,0.0,0.4,0.35,3,30,.\experiment.py,704d8f62e463a9a2c2f406c0244e25b531004456,n=30_d=0.35_c=0.4_r=3,meirz,LOCAL
0.6668333125052067,0.0,0.8870675785355301,0.8870675785355301,0.0,0.44508945399802224,0.0,0.0,0.0,0.6668333125052067,0.03333333333333333,0.0,0.44508945399802224,0.0,0.03333333333333333,0.0,0.0,0.0,0.0,0.0,0.5,0.35,3,30,.\experiment.py,704d8f62e463a9a2c2f406c0244e25b531004456,n=30_d=0.35_c=0.5_r=3,meirz,LOCAL
0.6668333125052067,0.0,0.8870675785355301,0.8870675785355301,0.0,0.44508945399802224,0.0,0.0,0.0,0.6668333125052067,0.03333333333333333,0.0,0.44508945399802224,0.0,0.03333333333333333,0.0,0.0,0.0,0.0,0.0,0.6,0.35,3,30,.\experiment.py,704d8f62e463a9a2c2f406c0244e25b531004456,n=30_d=0.35_c=0.6_r=3,meirz,LOCAL
0.6668333125052067,0.0,0.8870675785355301,0.8870675785355301,0.0,0.44508945399802224,0.0,0.0,0.0,0.6668333125052067,0.03333333333333333,0.0,0.44508945399802224,0.0,0.03333333333333333,0.0,0.0,0.0,0.0,0.0,0.7,0.35,3,30,.\experiment.py,704d8f62e463a9a2c2f406c0244e25b531004456,n=30_d=0.35_c=0.7_r=3,meirz,LOCAL
0.6668333125052067,0.0,0.8870675785355301,0.8870675785355301,0.0,0.44508945399802224,0.0,0.0,0.0,0.6668333125052067,0.03333333333333333,0.0,0.44508945399802224,0.0,0.03333333333333333,0.0,0.0,0.0,0.0,0.0,0.8,0.35,3,30,.\experiment.py,704d8f62e463a9a2c2f406c0244e25b531004456,n=30_d=0.35_c=0.8_r=3,meirz,LOCAL
0.6668333125052067,0.0,0.8870675785355301,0.8870675785355301,0.0,0.44508945399802224,0.0,0.0,0.0,0.6668333125052067,0.03333333333333333,0.0,0.44508945399802224,0.0,0.03333333333333333,0.0,0.0,0.0,0.0,0.0,0.9,0.35,3,30,.\experiment.py,704d8f62e463a9a2c2f406c0244e25b531004456,n=30_d=0.35_c=0.9_r=3,meirz,LOCAL
0.6668333125052067,0.0,0.8870675785355301,0.8870675785355301,0.0,0.44508945399802224,0.0,0.0,0.0,0.6668333125052067,0.03333333333333333,0.0,0.44508945399802224,0.0,0.03333333333333333,0.0,0.0,0.0,0.0,0.0,1,0.35,3,30,.\experiment.py,704d8f62e463a9a2c2f406c0244e25b531004456,n=30_d=0.35_c=1_r=3,meirz,LOCAL
0.7859884081701064,1.0,0.0,0.0,1090.0,0.7021479295471508,0.0,1.0,1.0,0.7859884081701064,1.0,1.0,0.7021479295471508,435.0,1.0,0.0,0.8870675785355301,1.0,1.0,0.8870675785355301,0.1,0.65,3,30,.\experiment.py,704d8f62e463a9a2c2f406c0244e25b531004456,n=30_d=0.65_c=0.1_r=3,meirz,LOCAL
0.7859884081701064,1.0,0.0,0.0,1140.0,0.7021479295471508,0.0,1.0,1.0,0.7859884081701064,1.0,1.0,0.7021479295471508,435.0,1.0,0.0,0.8870675785355301,1.0,1.0,0.8870675785355301,0.2,0.65,3,30,.\experiment.py,704d8f62e463a9a2c2f406c0244e25b531004456,n=30_d=0.65_c=0.2_r=3,meirz,LOCAL
0.3926659727653243,0.24689655172413785,0.5134659710118057,0.5664868164286572,1020.0,0.19698469545345337,0.18128078817733992,0.6199233716475095,0.2519252414252414,0.4253744679482075,1.0,0.060343915343915346,0.23185210580507026,106.0,1.0,0.07142857142857142,0.5266634420963259,0.6017624521072789,0.24367816091954023,0.5392308321847413,0.3,0.65,3,30,.\experiment.py,704d8f62e463a9a2c2f406c0244e25b531004456,n=30_d=0.65_c=0.3_r=3,meirz,LOCAL
0.38361005122017516,0.19164750957854407,0.5533065225726658,0.5992832059034842,740.0,0.17012926082913893,0.1752052545155994,0.5743295019157075,0.19923334690001357,0.4095873293047078,0.9988888888888888,0.026746031746031747,0.1939137425615326,82.0,1.0,0.09359605911330049,0.5117243028058343,0.5468097062579803,0.18850574712643678,0.5173814765483301,0.4,0.65,3,30,.\experiment.py,704d8f62e463a9a2c2f406c0244e25b531004456,n=30_d=0.65_c=0.4_r=3,meirz,LOCAL
0.38361005122017516,0.19164750957854407,0.5533065225726658,0.5954229554415488,1540.0,0.16824006116631676,0.1752052545155994,0.5770114942528729,0.19923334690001357,0.4261123515592667,0.9988888888888888,0.03460317460317461,0.1939137425615326,82.0,1.0,0.05665024630541872,0.5113370230568399,0.5468097062579803,0.18850574712643678,0.5173814765483301,0.5,0.65,3,30,.\experiment.py,704d8f62e463a9a2c2f406c0244e25b531004456,n=30_d=0.65_c=0.5_r=3,meirz,LOCAL
0.385720910318443,0.17386973180076623,0.5683677212311101,0.6157652389443393,1360.0,0.15591920274554713,0.16223316912972088,0.5513409961685815,0.174627138293805,0.41572743455815453,0.9988888888888888,0.0,0.17730794772763242,74.0,1.0,0.07635467980295567,0.5046167792097237,0.5254929757343532,0.17011494252873563,0.5090157798421125,0.6,0.65,3,30,.\experiment.py,704d8f62e463a9a2c2f406c0244e25b531004456,n=30_d=0.65_c=0.6_r=3,meirz,LOCAL
0.6668333125052067,0.0,0.8870675785355301,0.8870675785355301,0.0,0.44508945399802224,0.0,0.0,0.0,0.6668333125052067,0.03333333333333333,0.0,0.44508945399802224,0.0,0.03333333333333333,0.0,0.0,0.0,0.0,0.0,0.7,0.65,3,30,.\experiment.py,704d8f62e463a9a2c2f406c0244e25b531004456,n=30_d=0.65_c=0.7_r=3,meirz,LOCAL
0.6668333125052067,0.0,0.8870675785355301,0.8870675785355301,0.0,0.44508945399802224,0.0,0.0,0.0,0.6668333125052067,0.03333333333333333,0.0,0.44508945399802224,0.0,0.03333333333333333,0.0,0.0,0.0,0.0,0.0,0.8,0.65,3,30,.\experiment.py,704d8f62e463a9a2c2f406c0244e25b531004456,n=30_d=0.65_c=0.8_r=3,meirz,LOCAL
0.6668333125052067,0.0,0.8870675785355301,0.8870675785355301,0.0,0.44508945399802224,0.0,0.0,0.0,0.6668333125052067,0.03333333333333333,0.0,0.44508945399802224,0.0,0.03333333333333333,0.0,0.0,0.0,0.0,0.0,0.9,0.65,3,30,.\experiment.py,704d8f62e463a9a2c2f406c0244e25b531004456,n=30_d=0.65_c=0.9_r=3,meirz,LOCAL
0.6668333125052067,0.0,0.8870675785355301,0.8870675785355301,0.0,0.44508945399802224,0.0,0.0,0.0,0.6668333125052067,0.03333333333333333,0.0,0.44508945399802224,0.0,0.03333333333333333,0.0,0.0,0.0,0.0,0.0,1,0.65,3,30,.\experiment.py,704d8f62e463a9a2c2f406c0244e25b531004456,n=30_d=0.65_c=1_r=3,meirz,LOCAL
0.38445985360608337,0.1940996168582375,0.5518359992026514,0.5988978029492938,1100.0,0.17000679103377628,0.17380952380952389,0.5739463601532553,0.19986445653112322,0.4107973672458821,0.9988888888888888,0.025952380952380952,0.19508296003515943,83.0,1.0,0.09113300492610837,0.5117116402712512,0.5497650063856943,0.19080459770114944,0.5181446334618065,0.1,0.95,3,30,.\experiment.py,704d8f62e463a9a2c2f406c0244e25b531004456,n=30_d=0.95_c=0.1_r=3,meirz,LOCAL
0.3859070452881697,0.14528735632183912,0.594594213204282,0.6275299847916793,970.0,0.1455363378609709,0.15344827586206894,0.5091954022988485,0.1376199294532628,0.38502583601829704,0.9922222222222222,0.013888888888888888,0.15024568282100192,62.0,1.0,0.14285714285714285,0.4969184856991162,0.48050848385330963,0.1425287356321839,0.4927373212055945,0.2,0.95,3,30,.\experiment.py,704d8f62e463a9a2c2f406c0244e25b531004456,n=30_d=0.95_c=0.2_r=3,meirz,LOCAL
0.38547365762986585,0.13869731800766283,0.6011027792308807,0.6337751203115035,860.0,0.12817763221770895,0.15311986863711002,0.49463601532566864,0.12821693121693117,0.4145779546746927,0.9922222222222222,0.0,0.14415945902831553,59.0,1.0,0.07635467980295567,0.49057830334028785,0.4696524356869166,0.135632183908046,0.4897271757266229,0.3,0.95,3,30,.\experiment.py,704d8f62e463a9a2c2f406c0244e25b531004456,n=30_d=0.95_c=0.3_r=3,meirz,LOCAL
0.3854560432354578,0.1425287356321839,0.5971815265119848,0.6289201520329838,720.0,0.13590800089444743,0.15394088669950737,0.5011494252873545,0.13411552028218696,0.400391569969442,0.9922222222222222,0.01111111111111111,0.1479789425915916,61.0,1.0,0.10837438423645321,0.4933818147281627,0.4762083561393887,0.14022988505747128,0.49157736106351524,0.4,0.95,3,30,.\experiment.py,704d8f62e463a9a2c2f406c0244e25b531004456,n=30_d=0.95_c=0.4_r=3,meirz,LOCAL
0.38522430202387353,0.14107279693486585,0.5984937516090412,0.6279925077252909,660.0,0.13423494403554964,0.1542692939244663,0.496168582375477,0.13258818342151674,0.3993561517909717,0.9922222222222222,0.01888888888888889,0.14679345074098873,60.0,1.0,0.11083743842364532,0.4924011382468954,0.4737347199416147,0.13793103448275862,0.49095267828554007,0.5,0.95,3,30,.\experiment.py,704d8f62e463a9a2c2f406c0244e25b531004456,n=30_d=0.95_c=0.5_r=3,meirz,LOCAL
0.3872591564239168,0.12888888888888891,0.6093719022607064,0.6418507537315952,490.0,0.1362534704504406,0.1488505747126437,0.47931034482758383,0.12054593554593553,0.3773394870385483,0.99,0.0,0.13450454354569033,55.0,1.0,0.16009852216748768,0.4910805733577916,0.4503273125342074,0.12643678160919541,0.48400536389038795,0.6,0.95,3,30,.\experiment.py,704d8f62e463a9a2c2f406c0244e25b531004456,n=30_d=0.95_c=0.6_r=3,meirz,LOCAL
0.38522430202387353,0.14107279693486585,0.5984937516090412,0.6325042371859758,810.0,0.12473090538655776,0.1542692939244663,0.4942528735632162,0.13258818342151674,0.43222199386989607,0.9922222222222222,0.0,0.14679345074098873,60.0,1.0,0.03694581280788178,0.4897183498353844,0.4737347199416147,0.13793103448275862,0.49095267828554007,0.7,0.95,3,30,.\experiment.py,704d8f62e463a9a2c2f406c0244e25b531004456,n=30_d=0.95_c=0.7_r=3,meirz,LOCAL
0.38547365762986585,0.13869731800766283,0.6011027792308807,0.6341731398363252,540.0,0.1271364681125574,0.15311986863711002,0.4921455938697293,0.12821693121693117,0.4146259398475675,0.9922222222222222,0.0,0.14415945902831553,59.0,1.0,0.07635467980295567,0.4900771074941801,0.4696524356869166,0.135632183908046,0.4897271757266229,0.8,0.95,3,30,.\experiment.py,704d8f62e463a9a2c2f406c0244e25b531004456,n=30_d=0.95_c=0.8_r=3,meirz,LOCAL
0.38547365762986585,0.13869731800766283,0.6011027792308807,0.634050490530655,820.0,0.12745669558924821,0.15311986863711002,0.4929118773946336,0.12821693121693117,0.414610857115555,0.9922222222222222,0.0,0.14415945902831553,59.0,1.0,0.07635467980295567,0.49023110667533626,0.4696524356869166,0.135632183908046,0.4897271757266229,0.9,0.95,3,30,.\experiment.py,704d8f62e463a9a2c2f406c0244e25b531004456,n=30_d=0.95_c=0.9_r=3,meirz,LOCAL
0.6668333125052067,0.0,0.8870675785355301,0.8870675785355301,0.0,0.44508945399802224,0.0,0.0,0.0,0.6668333125052067,0.03333333333333333,0.0,0.44508945399802224,0.0,0.03333333333333333,0.0,0.0,0.0,0.0,0.0,1,0.95,3,30,.\experiment.py,704d8f62e463a9a2c2f406c0244e25b531004456,n=30_d=0.95_c=1_r=3,meirz,LOCAL
0.7762087348130012,1.0,0.0,0.0,590.0,0.6762091849333883,0.0,1.0,1.0,0.7762087348130012,1.0,1.0,0.6762091849333883,190.0,1.0,0.0,0.8834591105421914,1.0,1.0,0.8834591105421914,0.1,0.35,10,20,.\experiment.py,704d8f62e463a9a2c2f406c0244e25b531004456,n=20_d=0.35_c=0.1_r=10,meirz,LOCAL
0.7762087348130012,1.0,0.0,0.0,600.0,0.6762091849333883,0.0,1.0,1.0,0.7762087348130012,1.0,1.0,0.6762091849333883,190.0,1.0,0.0,0.8834591105421914,1.0,1.0,0.8834591105421914,0.2,0.35,10,20,.\experiment.py,704d8f62e463a9a2c2f406c0244e25b531004456,n=20_d=0.35_c=0.2_r=10,meirz,LOCAL
0.37744847867494435,0.29228070175438603,0.48898266512831084,0.555329078217714,930.0,0.1778873162173878,0.23664717348927874,0.6412280701754386,0.29564754689754685,0.41640221280041245,1.0,0.05547619047619048,0.23681454961160803,54.0,1.0,0.0935672514619883,0.5303360254603711,0.6224561403508776,0.28421052631578947,0.5511422705591633,0.3,0.35,10,20,.\experiment.py,704d8f62e463a9a2c2f406c0244e25b531004456,n=20_d=0.35_c=0.3_r=10,meirz,LOCAL
0.6655824516917495,0.0,0.8834591105421914,0.8834591105421914,0.0,0.4484237291923012,0.0,0.0,0.0,0.6655824516917495,0.050000000000000024,0.0,0.4484237291923012,0.0,0.05,0.0,0.0,0.0,0.0,9.309503074677274e-18,0.4,0.35,10,20,.\experiment.py,704d8f62e463a9a2c2f406c0244e25b531004456,n=20_d=0.35_c=0.4_r=10,meirz,LOCAL
0.6655824516917495,0.0,0.8834591105421914,0.8834591105421914,0.0,0.4484237291923012,0.0,0.0,0.0,0.6655824516917495,0.050000000000000024,0.0,0.4484237291923012,0.0,0.05,0.0,0.0,0.0,0.0,9.309503074677274e-18,0.5,0.35,10,20,.\experiment.py,704d8f62e463a9a2c2f406c0244e25b531004456,n=20_d=0.35_c=0.5_r=10,meirz,LOCAL
0.6655824516917495,0.0,0.8834591105421914,0.8834591105421914,0.0,0.4484237291923012,0.0,0.0,0.0,0.6655824516917495,0.050000000000000024,0.0,0.4484237291923012,0.0,0.05,0.0,0.0,0.0,0.0,9.309503074677274e-18,0.6,0.35,10,20,.\experiment.py,704d8f62e463a9a2c2f406c0244e25b531004456,n=20_d=0.35_c=0.6_r=10,meirz,LOCAL
0.6655824516917495,0.0,0.8834591105421914,0.8834591105421914,0.0,0.4484237291923012,0.0,0.0,0.0,0.6655824516917495,0.050000000000000024,0.0,0.4484237291923012,0.0,0.05,0.0,0.0,0.0,0.0,9.309503074677274e-18,0.7,0.35,10,20,.\experiment.py,704d8f62e463a9a2c2f406c0244e25b531004456,n=20_d=0.35_c=0.7_r=10,meirz,LOCAL
0.6655824516917495,0.0,0.8834591105421914,0.8834591105421914,0.0,0.4484237291923012,0.0,0.0,0.0,0.6655824516917495,0.050000000000000024,0.0,0.4484237291923012,0.0,0.05,0.0,0.0,0.0,0.0,9.309503074677274e-18,0.8,0.35,10,20,.\experiment.py,704d8f62e463a9a2c2f406c0244e25b531004456,n=20_d=0.35_c=0.8_r=10,meirz,LOCAL
0.6655824516917495,0.0,0.8834591105421914,0.8834591105421914,0.0,0.4484237291923012,0.0,0.0,0.0,0.6655824516917495,0.050000000000000024,0.0,0.4484237291923012,0.0,0.05,0.0,0.0,0.0,0.0,9.309503074677274e-18,0.9,0.35,10,20,.\experiment.py,704d8f62e463a9a2c2f406c0244e25b531004456,n=20_d=0.35_c=0.9_r=10,meirz,LOCAL
0.6655824516917495,0.0,0.8834591105421914,0.8834591105421914,0.0,0.4484237291923012,0.0,0.0,0.0,0.6655824516917495,0.050000000000000024,0.0,0.4484237291923012,0.0,0.05,0.0,0.0,0.0,0.0,9.309503074677274e-18,1,0.35,10,20,.\experiment.py,704d8f62e463a9a2c2f406c0244e25b531004456,n=20_d=0.35_c=1_r=10,meirz,LOCAL
0.7762087348130012,1.0,0.0,0.0,550.0,0.6762091849333883,0.0,1.0,1.0,0.7762087348130012,1.0,1.0,0.6762091849333883,190.0,1.0,0.0,0.8834591105421914,1.0,1.0,0.8834591105421914,0.1,0.65,10,20,.\experiment.py,704d8f62e463a9a2c2f406c0244e25b531004456,n=20_d=0.65_c=0.1_r=10,meirz,LOCAL
0.7762087348130012,1.0,0.0,0.0,650.0,0.6762091849333883,0.0,1.0,1.0,0.7762087348130012,1.0,1.0,0.6762091849333883,190.0,1.0,0.0,0.8834591105421914,1.0,1.0,0.8834591105421914,0.2,0.65,10,20,.\experiment.py,704d8f62e463a9a2c2f406c0244e25b531004456,n=20_d=0.65_c=0.2_r=10,meirz,LOCAL
0.37744847867494435,0.29228070175438603,0.48898266512831084,0.5745357939622434,910.0,0.17581203144673638,0.23664717348927874,0.6403508771929826,0.29564754689754685,0.4156241394907798,1.0,0.0,0.23681454961160803,54.0,1.0,0.0935672514619883,0.5295431426685971,0.6224561403508776,0.28421052631578947,0.5511422705591633,0.3,0.65,10,20,.\experiment.py,704d8f62e463a9a2c2f406c0244e25b531004456,n=20_d=0.65_c=0.3_r=10,meirz,LOCAL
0.3628196746286992,0.21982456140350873,0.5446338276535092,0.6014487861987002,370.0,0.14003042325257806,0.22748538011695904,0.5741228070175445,0.21649723424723424,0.4010268242461084,0.9883333333333332,0.0,0.18414061785594357,41.0,1.0,0.1111111111111111,0.5081393063920482,0.5431695906432755,0.21578947368421053,0.514285161567769,0.4,0.65,10,20,.\experiment.py,704d8f62e463a9a2c2f406c0244e25b531004456,n=20_d=0.65_c=0.4_r=10,meirz,LOCAL
0.36353454593684337,0.2047368421052632,0.5562660181398658,0.6067715761096608,820.0,0.14968802459977545,0.21890838206627677,0.563596491228071,0.19769708994708995,0.3663573307284092,0.9883333333333332,0.012380952380952381,0.1717852530628414,38.0,1.0,0.1871345029239766,0.5089820458701969,0.5278040935672521,0.2,0.5075369541734771,0.5,0.65,10,20,.\experiment.py,704d8f62e463a9a2c2f406c0244e25b531004456,n=20_d=0.65_c=0.5_r=10,meirz,LOCAL
0.3651087257764842,0.18157894736842106,0.581520324823016,0.6191352966934134,960.0,0.11367391378299226,0.2056530214424951,0.5267543859649131,0.15482275132275136,0.40423327300391054,0.9699999999999999,0.0,0.146087055566487,33.0,1.0,0.09941520467836257,0.4939675639231108,0.4866787802840438,0.1736842105263158,0.48631068235476016,0.6,0.65,10,20,.\experiment.py,704d8f62e463a9a2c2f406c0244e25b531004456,n=20_d=0.65_c=0.6_r=10,meirz,LOCAL
0.6655824516917495,0.0,0.8834591105421914,0.8834591105421914,0.0,0.4484237291923012,0.0,0.0,0.0,0.6655824516917495,0.050000000000000024,0.0,0.4484237291923012,0.0,0.05,0.0,0.0,0.0,0.0,9.309503074677274e-18,0.7,0.65,10,20,.\experiment.py,704d8f62e463a9a2c2f406c0244e25b531004456,n=20_d=0.65_c=0.7_r=10,meirz,LOCAL
0.6655824516917495,0.0,0.8834591105421914,0.8834591105421914,0.0,0.4484237291923012,0.0,0.0,0.0,0.6655824516917495,0.050000000000000024,0.0,0.4484237291923012,0.0,0.05,0.0,0.0,0.0,0.0,9.309503074677274e-18,0.8,0.65,10,20,.\experiment.py,704d8f62e463a9a2c2f406c0244e25b531004456,n=20_d=0.65_c=0.8_r=10,meirz,LOCAL
0.6655824516917495,0.0,0.8834591105421914,0.8834591105421914,0.0,0.4484237291923012,0.0,0.0,0.0,0.6655824516917495,0.050000000000000024,0.0,0.4484237291923012,0.0,0.05,0.0,0.0,0.0,0.0,9.309503074677274e-18,0.9,0.65,10,20,.\experiment.py,704d8f62e463a9a2c2f406c0244e25b531004456,n=20_d=0.65_c=0.9_r=10,meirz,LOCAL
0.6655824516917495,0.0,0.8834591105421914,0.8834591105421914,0.0,0.4484237291923012,0.0,0.0,0.0,0.6655824516917495,0.050000000000000024,0.0,0.4484237291923012,0.0,0.05,0.0,0.0,0.0,0.0,9.309503074677274e-18,1,0.65,10,20,.\experiment.py,704d8f62e463a9a2c2f406c0244e25b531004456,n=20_d=0.65_c=1_r=10,meirz,LOCAL
0.36266554457716393,0.21526315789473688,0.5489964987891365,0.5915941637886353,550.0,0.14087442309049786,0.22475633528265115,0.5736842105263161,0.20756866281866282,0.39843777491187743,0.9883333333333332,0.034999999999999996,0.17971166661708715,40.0,1.0,0.11695906432748537,0.5081022191991397,0.5389415204678369,0.21052631578947367,0.5120284746202026,0.1,0.95,10,20,.\experiment.py,704d8f62e463a9a2c2f406c0244e25b531004456,n=20_d=0.95_c=0.1_r=10,meirz,LOCAL
0.3622156698285919,0.1901754385964912,0.5715650753473938,0.6145788319318067,660.0,0.11677075782772911,0.21559454191033137,0.5359649122807028,0.1731164021164021,0.40976687890144203,0.9799999999999998,0.0,0.15750831857715103,35.0,1.0,0.08771929824561403,0.4962633535707235,0.503009189640769,0.18421052631578946,0.4960917732621019,0.2,0.95,10,20,.\experiment.py,704d8f62e463a9a2c2f406c0244e25b531004456,n=20_d=0.95_c=0.2_r=10,meirz,LOCAL
0.3765917224969015,0.1392982456140351,0.6309148299198148,0.6444731636493518,2750.0,0.07325523835862037,0.18245614035087718,0.43885964912280745,0.08280158730158729,0.41124335527847206,0.9099999999999998,0.0,0.1074614328698842,25.0,1.0,0.08771929824561403,0.4733086701727485,0.394345864661654,0.13157894736842105,0.4369574368787643,0.3,0.95,10,20,.\experiment.py,704d8f62e463a9a2c2f406c0244e25b531004456,n=20_d=0.95_c=0.3_r=10,meirz,LOCAL
0.38343933653886614,0.12789473684210526,0.6435569900887431,0.6529904272405389,740.0,0.06528394441959362,0.17368421052631577,0.40877192982456134,0.0705357142857143,0.40778463793193415,0.8899999999999998,0.0,0.101496459769582,23.0,1.0,0.09941520467836257,0.46778875855367136,0.3643189919242549,0.12105263157894737,0.4218594276686398,0.4,0.95,10,20,.\experiment.py,704d8f62e463a9a2c2f406c0244e25b531004456,n=20_d=0.95_c=0.4_r=10,meirz,LOCAL
0.3855833217686423,0.12298245614035087,0.648184871618435,0.6566291141453541,350.0,0.08778430278289688,0.17329434697855753,0.41078947368421054,0.06986904761904761,0.3791978814674396,0.8783333333333331,0.0,0.10227477439183762,22.0,1.0,0.16374269005847952,0.4714799810073392,0.35070725424672783,0.11578947368421053,0.4145284039292411,0.5,0.95,10,20,.\experiment.py,704d8f62e463a9a2c2f406c0244e25b531004456,n=20_d=0.95_c=0.5_r=10,meirz,LOCAL
0.3855833217686423,0.12298245614035087,0.648184871618435,0.6566210934685328,290.0,0.06346171308299142,0.17329434697855753,0.3976315789473683,0.06986904761904761,0.40596045616138404,0.8783333333333331,0.0,0.10227477439183762,22.0,1.0,0.10526315789473684,0.46585371248970764,0.35070725424672783,0.11578947368421053,0.4145284039292411,0.6,0.95,10,20,.\experiment.py,704d8f62e463a9a2c2f406c0244e25b531004456,n=20_d=0.95_c=0.6_r=10,meirz,LOCAL
0.390439033480585,0.11771929824561404,0.6548422948494371,0.6628354861093166,260.0,0.05874268800898395,0.1674463937621832,0.37290726817042613,0.06338492063492063,0.4053630707849654,0.8633333333333332,0.0,0.10191631055691995,21.0,1.0,0.1111111111111111,0.4617621847117129,0.3353880534670008,0.11052631578947368,0.4049469184095095,0.7,0.95,10,20,.\experiment.py,704d8f62e463a9a2c2f406c0244e25b531004456,n=20_d=0.95_c=0.7_r=10,meirz,LOCAL
0.39968554067063194,0.10631578947368421,0.6671020470336374,0.6722958957819416,260.0,0.08427334815751021,0.16257309941520467,0.35421052631578953,0.06276587301587301,0.3764638712267679,0.8250000000000001,0.0,0.11046247435303601,19.0,1.0,0.18128654970760233,0.4627807061790272,0.29929220341062457,0.1,0.38258945034663727,0.8,0.95,10,20,.\experiment.py,704d8f62e463a9a2c2f406c0244e25b531004456,n=20_d=0.95_c=0.8_r=10,meirz,LOCAL
0.39968554067063194,0.10631578947368421,0.6671020470336374,0.6727153687207977,260.0,0.08401384560199712,0.16257309941520467,0.3520300751879703,0.06276587301587301,0.37669186474352295,0.8250000000000001,0.0,0.11046247435303601,19.0,1.0,0.18128654970760233,0.4624478320722749,0.29929220341062457,0.1,0.38258945034663727,0.9,0.95,10,20,.\experiment.py,704d8f62e463a9a2c2f406c0244e25b531004456,n=20_d=0.95_c=0.9_r=10,meirz,LOCAL
0.6655824516917495,0.0,0.8834591105421914,0.8834591105421914,0.0,0.4484237291923012,0.0,0.0,0.0,0.6655824516917495,0.050000000000000024,0.0,0.4484237291923012,0.0,0.05,0.0,0.0,0.0,0.0,9.309503074677274e-18,1,0.95,10,20,.\experiment.py,704d8f62e463a9a2c2f406c0244e25b531004456,n=20_d=0.95_c=1_r=10,meirz,LOCAL
0.7762087348130012,1.0,0.0,0.0,640.0,0.6762091849333883,0.0,1.0,1.0,0.7762087348130012,1.0,1.0,0.6762091849333883,190.0,1.0,0.0,0.8834591105421914,1.0,1.0,0.8834591105421914,0.1,0.35,8,20,.\experiment.py,704d8f62e463a9a2c2f406c0244e25b531004456,n=20_d=0.35_c=0.1_r=8,meirz,LOCAL
0.7762087348130012,1.0,0.0,0.0,630.0,0.6762091849333883,0.0,1.0,1.0,0.7762087348130012,1.0,1.0,0.6762091849333883,190.0,1.0,0.0,0.8834591105421914,1.0,1.0,0.8834591105421914,0.2,0.35,8,20,.\experiment.py,704d8f62e463a9a2c2f406c0244e25b531004456,n=20_d=0.35_c=0.2_r=8,meirz,LOCAL
0.38023770263590745,0.302280701754386,0.4819254273835514,0.5655254383388041,560.0,0.17614722768876287,0.23723196881091618,0.6473684210526316,0.30617845117845105,0.44750479536663385,1.0,0.011666666666666667,0.24324560257843503,56.0,1.0,0.023391812865497075,0.5308745551805258,0.6301608187134509,0.29473684210526313,0.5551577309353927,0.3,0.35,8,20,.\experiment.py,704d8f62e463a9a2c2f406c0244e25b531004456,n=20_d=0.35_c=0.3_r=8,meirz,LOCAL
0.6655824516917495,0.0,0.8834591105421914,0.8834591105421914,0.0,0.4484237291923012,0.0,0.0,0.0,0.6655824516917495,0.050000000000000024,0.0,0.4484237291923012,0.0,0.05,0.0,0.0,0.0,0.0,9.309503074677274e-18,0.4,0.35,8,20,.\experiment.py,704d8f62e463a9a2c2f406c0244e25b531004456,n=20_d=0.35_c=0.4_r=8,meirz,LOCAL
0.6655824516917495,0.0,0.8834591105421914,0.8834591105421914,0.0,0.4484237291923012,0.0,0.0,0.0,0.6655824516917495,0.050000000000000024,0.0,0.4484237291923012,0.0,0.05,0.0,0.0,0.0,0.0,9.309503074677274e-18,0.5,0.35,8,20,.\experiment.py,704d8f62e463a9a2c2f406c0244e25b531004456,n=20_d=0.35_c=0.5_r=8,meirz,LOCAL
0.6655824516917495,0.0,0.8834591105421914,0.8834591105421914,0.0,0.4484237291923012,0.0,0.0,0.0,0.6655824516917495,0.050000000000000024,0.0,0.4484237291923012,0.0,0.05,0.0,0.0,0.0,0.0,9.309503074677274e-18,0.6,0.35,8,20,.\experiment.py,704d8f62e463a9a2c2f406c0244e25b531004456,n=20_d=0.35_c=0.6_r=8,meirz,LOCAL
0.6655824516917495,0.0,0.8834591105421914,0.8834591105421914,0.0,0.4484237291923012,0.0,0.0,0.0,0.6655824516917495,0.050000000000000024,0.0,0.4484237291923012,0.0,0.05,0.0,0.0,0.0,0.0,9.309503074677274e-18,0.7,0.35,8,20,.\experiment.py,704d8f62e463a9a2c2f406c0244e25b531004456,n=20_d=0.35_c=0.7_r=8,meirz,LOCAL
0.6655824516917495,0.0,0.8834591105421914,0.8834591105421914,0.0,0.4484237291923012,0.0,0.0,0.0,0.6655824516917495,0.050000000000000024,0.0,0.4484237291923012,0.0,0.05,0.0,0.0,0.0,0.0,9.309503074677274e-18,0.8,0.35,8,20,.\experiment.py,704d8f62e463a9a2c2f406c0244e25b531004456,n=20_d=0.35_c=0.8_r=8,meirz,LOCAL
0.6655824516917495,0.0,0.8834591105421914,0.8834591105421914,0.0,0.4484237291923012,0.0,0.0,0.0,0.6655824516917495,0.050000000000000024,0.0,0.4484237291923012,0.0,0.05,0.0,0.0,0.0,0.0,9.309503074677274e-18,0.9,0.35,8,20,.\experiment.py,704d8f62e463a9a2c2f406c0244e25b531004456,n=20_d=0.35_c=0.9_r=8,meirz,LOCAL
0.6655824516917495,0.0,0.8834591105421914,0.8834591105421914,0.0,0.4484237291923012,0.0,0.0,0.0,0.6655824516917495,0.050000000000000024,0.0,0.4484237291923012,0.0,0.05,0.0,0.0,0.0,0.0,9.309503074677274e-18,1,0.35,8,20,.\experiment.py,704d8f62e463a9a2c2f406c0244e25b531004456,n=20_d=0.35_c=1_r=8,meirz,LOCAL
0.7762087348130012,1.0,0.0,0.0,600.0,0.6762091849333883,0.0,1.0,1.0,0.7762087348130012,1.0,1.0,0.6762091849333883,190.0,1.0,0.0,0.8834591105421914,1.0,1.0,0.8834591105421914,0.1,0.65,8,20,.\experiment.py,704d8f62e463a9a2c2f406c0244e25b531004456,n=20_d=0.65_c=0.1_r=8,meirz,LOCAL
0.7762087348130012,1.0,0.0,0.0,590.0,0.6762091849333883,0.0,1.0,1.0,0.7762087348130012,1.0,1.0,0.6762091849333883,190.0,1.0,0.0,0.8834591105421914,1.0,1.0,0.8834591105421914,0.2,0.65,8,20,.\experiment.py,704d8f62e463a9a2c2f406c0244e25b531004456,n=20_d=0.65_c=0.2_r=8,meirz,LOCAL
0.3824925155016834,0.30754385964912273,0.4783194029907386,0.5689076473563582,1360.0,0.18115009744448254,0.23528265107212476,0.65,0.31084980759980757,0.4251429812373719,1.0,0.0,0.2458624810971822,57.0,1.0,0.07602339181286549,0.533062764804058,0.633713450292398,0.3,0.5568952309851,0.3,0.65,8,20,.\experiment.py,704d8f62e463a9a2c2f406c0244e25b531004456,n=20_d=0.65_c=0.3_r=8,meirz,LOCAL
0.36266554457716393,0.21526315789473688,0.5489964987891365,0.6024903148837696,1140.0,0.14170126507939163,0.22475633528265115,0.578070175438597,0.20756866281866282,0.3981872160942735,0.9883333333333332,0.0,0.17971166661708715,40.0,1.0,0.11695906432748537,0.5088547690844334,0.5389415204678369,0.21052631578947367,0.5120284746202026,0.4,0.65,8,20,.\experiment.py,704d8f62e463a9a2c2f406c0244e25b531004456,n=20_d=0.65_c=0.4_r=8,meirz,LOCAL
0.3629181626423328,0.20017543859649128,0.5617827417887917,0.6058890929607305,730.0,0.1350707639230246,0.21812865497076014,0.5578947368421057,0.1891798941798942,0.38943558196567046,0.9816666666666664,0.013333333333333332,0.16652071790800493,37.0,1.0,0.13450292397660818,0.5039717828222702,0.5173671679198001,0.19473684210526315,0.5018188742798936,0.5,0.65,8,20,.\experiment.py,704d8f62e463a9a2c2f406c0244e25b531004456,n=20_d=0.65_c=0.5_r=8,meirz,LOCAL
0.3622156698285919,0.1901754385964912,0.5715650753473938,0.6144464787295517,480.0,0.11712082887750391,0.21559454191033137,0.5368421052631587,0.1731164021164021,0.4097610576249927,0.9799999999999998,0.0,0.15750831857715103,35.0,1.0,0.08771929824561403,0.49645294626452235,0.503009189640769,0.18421052631578946,0.4960917732621019,0.6,0.65,8,20,.\experiment.py,704d8f62e463a9a2c2f406c0244e25b531004456,n=20_d=0.65_c=0.6_r=8,meirz,LOCAL
0.6655824516917495,0.0,0.8834591105421914,0.8834591105421914,0.0,0.4484237291923012,0.0,0.0,0.0,0.6655824516917495,0.050000000000000024,0.0,0.4484237291923012,0.0,0.05,0.0,0.0,0.0,0.0,9.309503074677274e-18,0.7,0.65,8,20,.\experiment.py,704d8f62e463a9a2c2f406c0244e25b531004456,n=20_d=0.65_c=0.7_r=8,meirz,LOCAL
0.6655824516917495,0.0,0.8834591105421914,0.8834591105421914,0.0,0.4484237291923012,0.0,0.0,0.0,0.6655824516917495,0.050000000000000024,0.0,0.4484237291923012,0.0,0.05,0.0,0.0,0.0,0.0,9.309503074677274e-18,0.8,0.65,8,20,.\experiment.py,704d8f62e463a9a2c2f406c0244e25b531004456,n=20_d=0.65_c=0.8_r=8,meirz,LOCAL
0.6655824516917495,0.0,0.8834591105421914,0.8834591105421914,0.0,0.4484237291923012,0.0,0.0,0.0,0.6655824516917495,0.050000000000000024,0.0,0.4484237291923012,0.0,0.05,0.0,0.0,0.0,0.0,9.309503074677274e-18,0.9,0.65,8,20,.\experiment.py,704d8f62e463a9a2c2f406c0244e25b531004456,n=20_d=0.65_c=0.9_r=8,meirz,LOCAL
0.6655824516917495,0.0,0.8834591105421914,0.8834591105421914,0.0,0.4484237291923012,0.0,0.0,0.0,0.6655824516917495,0.050000000000000024,0.0,0.4484237291923012,0.0,0.05,0.0,0.0,0.0,0.0,9.309503074677274e-18,1,0.65,8,20,.\experiment.py,704d8f62e463a9a2c2f406c0244e25b531004456,n=20_d=0.65_c=1_r=8,meirz,LOCAL
0.36431864359036525,0.2263157894736842,0.538329870512372,0.5987568235638197,590.0,0.14304602150925774,0.22807017543859645,0.5820175438596497,0.22739273689273692,0.4040378396505683,0.9899999999999999,0.0,0.1897811489824812,42.0,1.0,0.10526315789473684,0.5101350840117487,0.5512573099415211,0.22105263157894736,0.5181557526545895,0.1,0.95,8,20,.\experiment.py,704d8f62e463a9a2c2f406c0244e25b531004456,n=20_d=0.95_c=0.1_r=8,meirz,LOCAL
0.36614031579860923,0.1689473684210526,0.5949344584775837,0.6261031439649551,280.0,0.1053855489819971,0.2001949317738792,0.5026315789473692,0.13231878306878306,0.3990879962541426,0.963333333333333,0.0,0.1339030389673973,31.0,1.0,0.1111111111111111,0.4886930901460403,0.46633959899749405,0.1631578947368421,0.4770282766730021,0.2,0.95,8,20,.\experiment.py,704d8f62e463a9a2c2f406c0244e25b531004456,n=20_d=0.95_c=0.2_r=8,meirz,LOCAL
0.3765917224969015,0.1392982456140351,0.6309148299198148,0.6457428108338328,480.0,0.09150899428848154,0.18245614035087718,0.44377192982456193,0.08280158730158729,0.3850345620861706,0.9099999999999998,0.0,0.1074614328698842,25.0,1.0,0.14619883040935672,0.47709970511495003,0.394345864661654,0.13157894736842105,0.4369574368787643,0.3,0.95,8,20,.\experiment.py,704d8f62e463a9a2c2f406c0244e25b531004456,n=20_d=0.95_c=0.3_r=8,meirz,LOCAL
0.390439033480585,0.11771929824561404,0.6548422948494371,0.6582174652227255,310.0,0.06532348785109127,0.1674463937621832,0.3977192982456136,0.06338492063492063,0.40334195721274313,0.8633333333333332,0.0,0.10191631055691995,21.0,1.0,0.1111111111111111,0.4658846178382204,0.3353880534670008,0.11052631578947368,0.4049469184095095,0.4,0.95,8,20,.\experiment.py,704d8f62e463a9a2c2f406c0244e25b531004456,n=20_d=0.95_c=0.4_r=8,meirz,LOCAL
0.390439033480585,0.11771929824561404,0.6548422948494371,0.659653869715615,330.0,0.06311665234451379,0.1674463937621832,0.38991228070175427,0.06338492063492063,0.4039461196705167,0.8633333333333332,0.0,0.10191631055691995,21.0,1.0,0.1111111111111111,0.4645628767209846,0.3353880534670008,0.11052631578947368,0.4049469184095095,0.5,0.95,8,20,.\experiment.py,704d8f62e463a9a2c2f406c0244e25b531004456,n=20_d=0.95_c=0.5_r=8,meirz,LOCAL
0.3941791191855187,0.11315789473684211,0.6605429716766711,0.6658358568843544,520.0,0.05931776477538066,0.16666666666666666,0.3656077694235587,0.0630515873015873,0.4034326435977561,0.8433333333333333,0.0,0.10638465838765931,20.0,1.0,0.11695906432748537,0.46063625480441794,0.3181630567288463,0.10526315789473684,0.3937419200504621,0.6,0.95,8,20,.\experiment.py,704d8f62e463a9a2c2f406c0244e25b531004456,n=20_d=0.95_c=0.6_r=8,meirz,LOCAL
0.39968554067063194,0.10631578947368421,0.6671020470336374,0.6684609939078375,390.0,0.06065576507550787,0.16257309941520467,0.3603759398496236,0.06276587301587301,0.40135391181803926,0.8250000000000001,0.0,0.11046247435303601,19.0,1.0,0.12280701754385964,0.45988093710883854,0.29929220341062457,0.1,0.38258945034663727,0.7,0.95,8,20,.\experiment.py,704d8f62e463a9a2c2f406c0244e25b531004456,n=20_d=0.95_c=0.7_r=8,meirz,LOCAL
0.3941791191855187,0.11315789473684211,0.6605429716766711,0.6673962550581423,310.0,0.0841232149012633,0.16666666666666666,0.3709085213032579,0.0630515873015873,0.37736003146310193,0.8433333333333333,0.0,0.10638465838765931,20.0,1.0,0.17543859649122806,0.46517355142444494,0.3181630567288463,0.10526315789473684,0.3937419200504621,0.8,0.95,8,20,.\experiment.py,704d8f62e463a9a2c2f406c0244e25b531004456,n=20_d=0.95_c=0.8_r=8,meirz,LOCAL
0.390439033480585,0.11771929824561404,0.6548422948494371,0.6615485666379233,450.0,0.03888784029016794,0.1674463937621832,0.37206766917293205,0.06338492063492063,0.431109647974946,0.8633333333333332,0.0,0.10191631055691995,21.0,1.0,0.05263157894736842,0.459547712436536,0.3353880534670008,0.11052631578947368,0.4049469184095095,0.9,0.95,8,20,.\experiment.py,704d8f62e463a9a2c2f406c0244e25b531004456,n=20_d=0.95_c=0.9_r=8,meirz,LOCAL
0.6655824516917495,0.0,0.8834591105421914,0.8834591105421914,0.0,0.4484237291923012,0.0,0.0,0.0,0.6655824516917495,0.050000000000000024,0.0,0.4484237291923012,0.0,0.05,0.0,0.0,0.0,0.0,9.309503074677274e-18,1,0.95,8,20,.\experiment.py,704d8f62e463a9a2c2f406c0244e25b531004456,n=20_d=0.95_c=1_r=8,meirz,LOCAL
0.7762087348130012,1.0,0.0,0.0,560.0,0.6762091849333883,0.0,1.0,1.0,0.7762087348130012,1.0,1.0,0.6762091849333883,190.0,1.0,0.0,0.8834591105421914,1.0,1.0,0.8834591105421914,0.1,0.35,5,20,.\experiment.py,704d8f62e463a9a2c2f406c0244e25b531004456,n=20_d=0.35_c=0.1_r=5,meirz,LOCAL
0.7762087348130012,1.0,0.0,0.0,630.0,0.6762091849333883,0.0,1.0,1.0,0.7762087348130012,1.0,1.0,0.6762091849333883,190.0,1.0,0.0,0.8834591105421914,1.0,1.0,0.8834591105421914,0.2,0.35,5,20,.\experiment.py,704d8f62e463a9a2c2f406c0244e25b531004456,n=20_d=0.35_c=0.2_r=5,meirz,LOCAL
0.3841684630985492,0.3149122807017544,0.4733176663188222,0.5636219818114268,1030.0,0.18288377128866506,0.23684210526315788,0.6526315789473685,0.31834343434343443,0.42833162852522977,1.0,0.01,0.2507995233173112,58.0,1.0,0.07017543859649122,0.5341606809920424,0.6393713450292401,0.30526315789473685,0.5599825330126534,0.3,0.35,5,20,.\experiment.py,704d8f62e463a9a2c2f406c0244e25b531004456,n=20_d=0.35_c=0.3_r=5,meirz,LOCAL
0.6655824516917495,0.0,0.8834591105421914,0.8834591105421914,0.0,0.4484237291923012,0.0,0.0,0.0,0.6655824516917495,0.050000000000000024,0.0,0.4484237291923012,0.0,0.05,0.0,0.0,0.0,0.0,9.309503074677274e-18,0.4,0.35,5,20,.\experiment.py,704d8f62e463a9a2c2f406c0244e25b531004456,n=20_d=0.35_c=0.4_r=5,meirz,LOCAL
0.6655824516917495,0.0,0.8834591105421914,0.8834591105421914,0.0,0.4484237291923012,0.0,0.0,0.0,0.6655824516917495,0.050000000000000024,0.0,0.4484237291923012,0.0,0.05,0.0,0.0,0.0,0.0,9.309503074677274e-18,0.5,0.35,5,20,.\experiment.py,704d8f62e463a9a2c2f406c0244e25b531004456,n=20_d=0.35_c=0.5_r=5,meirz,LOCAL
0.6655824516917495,0.0,0.8834591105421914,0.8834591105421914,0.0,0.4484237291923012,0.0,0.0,0.0,0.6655824516917495,0.050000000000000024,0.0,0.4484237291923012,0.0,0.05,0.0,0.0,0.0,0.0,9.309503074677274e-18,0.6,0.35,5,20,.\experiment.py,704d8f62e463a9a2c2f406c0244e25b531004456,n=20_d=0.35_c=0.6_r=5,meirz,LOCAL
0.6655824516917495,0.0,0.8834591105421914,0.8834591105421914,0.0,0.4484237291923012,0.0,0.0,0.0,0.6655824516917495,0.050000000000000024,0.0,0.4484237291923012,0.0,0.05,0.0,0.0,0.0,0.0,9.309503074677274e-18,0.7,0.35,5,20,.\experiment.py,704d8f62e463a9a2c2f406c0244e25b531004456,n=20_d=0.35_c=0.7_r=5,meirz,LOCAL
0.6655824516917495,0.0,0.8834591105421914,0.8834591105421914,0.0,0.4484237291923012,0.0,0.0,0.0,0.6655824516917495,0.050000000000000024,0.0,0.4484237291923012,0.0,0.05,0.0,0.0,0.0,0.0,9.309503074677274e-18,0.8,0.35,5,20,.\experiment.py,704d8f62e463a9a2c2f406c0244e25b531004456,n=20_d=0.35_c=0.8_r=5,meirz,LOCAL
0.6655824516917495,0.0,0.8834591105421914,0.8834591105421914,0.0,0.4484237291923012,0.0,0.0,0.0,0.6655824516917495,0.050000000000000024,0.0,0.4484237291923012,0.0,0.05,0.0,0.0,0.0,0.0,9.309503074677274e-18,0.9,0.35,5,20,.\experiment.py,704d8f62e463a9a2c2f406c0244e25b531004456,n=20_d=0.35_c=0.9_r=5,meirz,LOCAL
0.6655824516917495,0.0,0.8834591105421914,0.8834591105421914,0.0,0.4484237291923012,0.0,0.0,0.0,0.6655824516917495,0.050000000000000024,0.0,0.4484237291923012,0.0,0.05,0.0,0.0,0.0,0.0,9.309503074677274e-18,1,0.35,5,20,.\experiment.py,704d8f62e463a9a2c2f406c0244e25b531004456,n=20_d=0.35_c=1_r=5,meirz,LOCAL
0.7762087348130012,1.0,0.0,0.0,560.0,0.6762091849333883,0.0,1.0,1.0,0.7762087348130012,1.0,1.0,0.6762091849333883,190.0,1.0,0.0,0.8834591105421914,1.0,1.0,0.8834591105421914,0.1,0.65,5,20,.\experiment.py,704d8f62e463a9a2c2f406c0244e25b531004456,n=20_d=0.65_c=0.1_r=5,meirz,LOCAL
0.7762087348130012,1.0,0.0,0.0,620.0,0.6762091849333883,0.0,1.0,1.0,0.7762087348130012,1.0,1.0,0.6762091849333883,190.0,1.0,0.0,0.8834591105421914,1.0,1.0,0.8834591105421914,0.2,0.65,5,20,.\experiment.py,704d8f62e463a9a2c2f406c0244e25b531004456,n=20_d=0.65_c=0.2_r=5,meirz,LOCAL
0.3841684630985492,0.3149122807017544,0.4733176663188222,0.5570650600661248,970.0,0.182955513927395,0.23684210526315788,0.6517543859649123,0.31834343434343443,0.42846339358539814,1.0,0.02904761904761905,0.2507995233173112,58.0,1.0,0.07017543859649122,0.5340857106395774,0.6393713450292401,0.30526315789473685,0.5599825330126534,0.3,0.65,5,20,.\experiment.py,704d8f62e463a9a2c2f406c0244e25b531004456,n=20_d=0.65_c=0.3_r=5,meirz,LOCAL
0.3700765497258713,0.24964912280701756,0.5192314555552011,0.5783637836362902,790.0,0.15450708929632062,0.22748538011695907,0.6078947368421055,0.2544671717171717,0.41653540335183664,0.9949999999999999,0.03166666666666666,0.20660544988908694,46.0,1.0,0.08187134502923976,0.5173696288812788,0.5788274853801175,0.24210526315789474,0.5304515212530693,0.4,0.65,5,20,.\experiment.py,704d8f62e463a9a2c2f406c0244e25b531004456,n=20_d=0.65_c=0.4_r=5,meirz,LOCAL
0.36266554457716393,0.21526315789473688,0.5489964987891365,0.5974300645446449,860.0,0.1392276247051132,0.22475633528265115,0.5710526315789479,0.20756866281866282,0.3981850537031481,0.9883333333333332,0.018333333333333333,0.17971166661708715,40.0,1.0,0.11695906432748537,0.5073338095401494,0.5389415204678369,0.21052631578947367,0.5120284746202026,0.5,0.65,5,20,.\experiment.py,704d8f62e463a9a2c2f406c0244e25b531004456,n=20_d=0.65_c=0.5_r=5,meirz,LOCAL
0.3629707218669947,0.186140350877193,0.5760946627453225,0.619006124190907,430.0,0.12741671030877835,0.21228070175438596,0.5324561403508781,0.16507275132275134,0.38093703709444304,0.9749999999999996,0.0,0.15271707044726376,34.0,1.0,0.15204678362573099,0.4982268412024996,0.4957518796992485,0.17894736842105263,0.49160050163046404,0.6,0.65,5,20,.\experiment.py,704d8f62e463a9a2c2f406c0244e25b531004456,n=20_d=0.65_c=0.6_r=5,meirz,LOCAL
0.6655824516917495,0.0,0.8834591105421914,0.8834591105421914,0.0,0.4484237291923012,0.0,0.0,0.0,0.6655824516917495,0.050000000000000024,0.0,0.4484237291923012,0.0,0.05,0.0,0.0,0.0,0.0,9.309503074677274e-18,0.7,0.65,5,20,.\experiment.py,704d8f62e463a9a2c2f406c0244e25b531004456,n=20_d=0.65_c=0.7_r=5,meirz,LOCAL
0.6655824516917495,0.0,0.8834591105421914,0.8834591105421914,0.0,0.4484237291923012,0.0,0.0,0.0,0.6655824516917495,0.050000000000000024,0.0,0.4484237291923012,0.0,0.05,0.0,0.0,0.0,0.0,9.309503074677274e-18,0.8,0.65,5,20,.\experiment.py,704d8f62e463a9a2c2f406c0244e25b531004456,n=20_d=0.65_c=0.8_r=5,meirz,LOCAL
0.6655824516917495,0.0,0.8834591105421914,0.8834591105421914,0.0,0.4484237291923012,0.0,0.0,0.0,0.6655824516917495,0.050000000000000024,0.0,0.4484237291923012,0.0,0.05,0.0,0.0,0.0,0.0,9.309503074677274e-18,0.9,0.65,5,20,.\experiment.py,704d8f62e463a9a2c2f406c0244e25b531004456,n=20_d=0.65_c=0.9_r=5,meirz,LOCAL
0.6655824516917495,0.0,0.8834591105421914,0.8834591105421914,0.0,0.4484237291923012,0.0,0.0,0.0,0.6655824516917495,0.050000000000000024,0.0,0.4484237291923012,0.0,0.05,0.0,0.0,0.0,0.0,9.309503074677274e-18,1,0.65,5,20,.\experiment.py,704d8f62e463a9a2c2f406c0244e25b531004456,n=20_d=0.65_c=1_r=5,meirz,LOCAL
0.36431864359036525,0.2263157894736842,0.538329870512372,0.5979656699542447,530.0,0.14527528921494534,0.22807017543859645,0.5877192982456148,0.22739273689273692,0.40413623982336166,0.9899999999999999,0.0,0.1897811489824812,42.0,1.0,0.10526315789473684,0.5114408219663871,0.5512573099415211,0.22105263157894736,0.5181557526545895,0.1,0.95,5,20,.\experiment.py,704d8f62e463a9a2c2f406c0244e25b531004456,n=20_d=0.95_c=0.1_r=5,meirz,LOCAL
0.36893845876577885,0.15456140350877193,0.6107177679070236,0.6374148445664973,680.0,0.11697430357814764,0.19473684210526315,0.4808771929824566,0.11212301587301585,0.36545096691612533,0.9449999999999997,0.0,0.12081829294220327,28.0,1.0,0.1871345029239766,0.4879507451452116,0.43357121971595675,0.14736842105263157,0.4611707359280669,0.2,0.95,5,20,.\experiment.py,704d8f62e463a9a2c2f406c0244e25b531004456,n=20_d=0.95_c=0.2_r=5,meirz,LOCAL
0.38042952724237167,0.1324561403508772,0.6385870311024622,0.6487091365361294,1190.0,0.06895215679727892,0.1783625730994152,0.42377192982456147,0.07647619047619046,0.4094499661980724,0.8949999999999998,0.0,0.10450457765377774,24.0,1.0,0.0935672514619883,0.47048765291423833,0.3750198412698413,0.12631578947368421,0.4265844173560733,0.3,0.95,5,20,.\experiment.py,704d8f62e463a9a2c2f406c0244e25b531004456,n=20_d=0.95_c=0.3_r=5,meirz,LOCAL
0.38042952724237167,0.1324561403508772,0.6385870311024622,0.6492244844238427,580.0,0.06794329781426003,0.1783625730994152,0.42087719298245585,0.07647619047619046,0.4096304548467771,0.8949999999999998,0.0,0.10450457765377774,24.0,1.0,0.0935672514619883,0.46996768416334805,0.3750198412698413,0.12631578947368421,0.4265844173560733,0.4,0.95,5,20,.\experiment.py,704d8f62e463a9a2c2f406c0244e25b531004456,n=20_d=0.95_c=0.4_r=5,meirz,LOCAL
0.38042952724237167,0.1324561403508772,0.6385870311024622,0.6516915142870764,320.0,0.11222433095390355,0.1783625730994152,0.4379824561403511,0.07647619047619046,0.35679381972475743,0.8949999999999998,0.0,0.10450457765377774,24.0,1.0,0.21052631578947367,0.480542535099024,0.3750198412698413,0.12631578947368421,0.4265844173560733,0.5,0.95,5,20,.\experiment.py,704d8f62e463a9a2c2f406c0244e25b531004456,n=20_d=0.95_c=0.5_r=5,meirz,LOCAL
0.3765917224969015,0.1392982456140351,0.6309148299198148,0.645948913197526,380.0,0.07016442331596894,0.18245614035087718,0.4304385964912281,0.08280158730158729,0.41171549349504927,0.9099999999999998,0.0,0.1074614328698842,25.0,1.0,0.08771929824561403,0.4717594895759116,0.394345864661654,0.13157894736842105,0.4369574368787643,0.6,0.95,5,20,.\experiment.py,704d8f62e463a9a2c2f406c0244e25b531004456,n=20_d=0.95_c=0.6_r=5,meirz,LOCAL
0.38343933653886614,0.12789473684210526,0.6435569900887431,0.6530785125479647,360.0,0.08845965643886866,0.17368421052631577,0.4211403508771929,0.0705357142857143,0.38110085192942794,0.8899999999999998,0.0,0.101496459769582,23.0,1.0,0.15789473684210525,0.47316882455875964,0.3643189919242549,0.12105263157894737,0.4218594276686398,0.7,0.95,5,20,.\experiment.py,704d8f62e463a9a2c2f406c0244e25b531004456,n=20_d=0.95_c=0.7_r=5,meirz,LOCAL
0.38042952724237167,0.1324561403508772,0.6385870311024622,0.6495221848422924,580.0,0.06736687122049499,0.1783625730994152,0.41921052631578937,0.07647619047619046,0.4097361919148443,0.8949999999999998,0.0,0.10450457765377774,24.0,1.0,0.0935672514619883,0.46966966574188546,0.3750198412698413,0.12631578947368421,0.4265844173560733,0.8,0.95,5,20,.\experiment.py,704d8f62e463a9a2c2f406c0244e25b531004456,n=20_d=0.95_c=0.8_r=5,meirz,LOCAL
0.38343933653886614,0.12789473684210526,0.6435569900887431,0.6513804840507758,310.0,0.06823767466205406,0.17368421052631577,0.4177192982456141,0.0705357142857143,0.40718407899070597,0.8899999999999998,0.0,0.101496459769582,23.0,1.0,0.09941520467836257,0.4693669214293307,0.3643189919242549,0.12105263157894737,0.4218594276686398,0.9,0.95,5,20,.\experiment.py,704d8f62e463a9a2c2f406c0244e25b531004456,n=20_d=0.95_c=0.9_r=5,meirz,LOCAL
0.6655824516917495,0.0,0.8834591105421914,0.8834591105421914,0.0,0.4484237291923012,0.0,0.0,0.0,0.6655824516917495,0.050000000000000024,0.0,0.4484237291923012,0.0,0.05,0.0,0.0,0.0,0.0,9.309503074677274e-18,1,0.95,5,20,.\experiment.py,704d8f62e463a9a2c2f406c0244e25b531004456,n=20_d=0.95_c=1_r=5,meirz,LOCAL
0.7762087348130012,1.0,0.0,0.0,580.0,0.6762091849333883,0.0,1.0,1.0,0.7762087348130012,1.0,1.0,0.6762091849333883,190.0,1.0,0.0,0.8834591105421914,1.0,1.0,0.8834591105421914,0.1,0.35,3,20,.\experiment.py,704d8f62e463a9a2c2f406c0244e25b531004456,n=20_d=0.35_c=0.1_r=3,meirz,LOCAL
0.7762087348130012,1.0,0.0,0.0,540.0,0.6762091849333883,0.0,1.0,1.0,0.7762087348130012,1.0,1.0,0.6762091849333883,190.0,1.0,0.0,0.8834591105421914,1.0,1.0,0.8834591105421914,0.2,0.35,3,20,.\experiment.py,704d8f62e463a9a2c2f406c0244e25b531004456,n=20_d=0.35_c=0.2_r=3,meirz,LOCAL
0.37682492429273795,0.28263157894736846,0.49643621000996896,0.5782345425613571,860.0,0.17302918943488652,0.22982456140350876,0.6350877192982456,0.28165668590668597,0.4093800536376987,1.0,0.0,0.22823902652142905,52.0,1.0,0.10526315789473684,0.5276020831469171,0.6142660818713457,0.2736842105263158,0.5462331455516244,0.3,0.35,3,20,.\experiment.py,704d8f62e463a9a2c2f406c0244e25b531004456,n=20_d=0.35_c=0.3_r=3,meirz,LOCAL
0.6655824516917495,0.0,0.8834591105421914,0.8834591105421914,0.0,0.4484237291923012,0.0,0.0,0.0,0.6655824516917495,0.050000000000000024,0.0,0.4484237291923012,0.0,0.05,0.0,0.0,0.0,0.0,9.309503074677274e-18,0.4,0.35,3,20,.\experiment.py,704d8f62e463a9a2c2f406c0244e25b531004456,n=20_d=0.35_c=0.4_r=3,meirz,LOCAL
0.6655824516917495,0.0,0.8834591105421914,0.8834591105421914,0.0,0.4484237291923012,0.0,0.0,0.0,0.6655824516917495,0.050000000000000024,0.0,0.4484237291923012,0.0,0.05,0.0,0.0,0.0,0.0,9.309503074677274e-18,0.5,0.35,3,20,.\experiment.py,704d8f62e463a9a2c2f406c0244e25b531004456,n=20_d=0.35_c=0.5_r=3,meirz,LOCAL
0.6655824516917495,0.0,0.8834591105421914,0.8834591105421914,0.0,0.4484237291923012,0.0,0.0,0.0,0.6655824516917495,0.050000000000000024,0.0,0.4484237291923012,0.0,0.05,0.0,0.0,0.0,0.0,9.309503074677274e-18,0.6,0.35,3,20,.\experiment.py,704d8f62e463a9a2c2f406c0244e25b531004456,n=20_d=0.35_c=0.6_r=3,meirz,LOCAL
0.6655824516917495,0.0,0.8834591105421914,0.8834591105421914,0.0,0.4484237291923012,0.0,0.0,0.0,0.6655824516917495,0.050000000000000024,0.0,0.4484237291923012,0.0,0.05,0.0,0.0,0.0,0.0,9.309503074677274e-18,0.7,0.35,3,20,.\experiment.py,704d8f62e463a9a2c2f406c0244e25b531004456,n=20_d=0.35_c=0.7_r=3,meirz,LOCAL
0.6655824516917495,0.0,0.8834591105421914,0.8834591105421914,0.0,0.4484237291923012,0.0,0.0,0.0,0.6655824516917495,0.050000000000000024,0.0,0.4484237291923012,0.0,0.05,0.0,0.0,0.0,0.0,9.309503074677274e-18,0.8,0.35,3,20,.\experiment.py,704d8f62e463a9a2c2f406c0244e25b531004456,n=20_d=0.35_c=0.8_r=3,meirz,LOCAL
0.6655824516917495,0.0,0.8834591105421914,0.8834591105421914,0.0,0.4484237291923012,0.0,0.0,0.0,0.6655824516917495,0.050000000000000024,0.0,0.4484237291923012,0.0,0.05,0.0,0.0,0.0,0.0,9.309503074677274e-18,0.9,0.35,3,20,.\experiment.py,704d8f62e463a9a2c2f406c0244e25b531004456,n=20_d=0.35_c=0.9_r=3,meirz,LOCAL
0.6655824516917495,0.0,0.8834591105421914,0.8834591105421914,0.0,0.4484237291923012,0.0,0.0,0.0,0.6655824516917495,0.050000000000000024,0.0,0.4484237291923012,0.0,0.05,0.0,0.0,0.0,0.0,9.309503074677274e-18,1,0.35,3,20,.\experiment.py,704d8f62e463a9a2c2f406c0244e25b531004456,n=20_d=0.35_c=1_r=3,meirz,LOCAL
0.7762087348130012,1.0,0.0,0.0,650.0,0.6762091849333883,0.0,1.0,1.0,0.7762087348130012,1.0,1.0,0.6762091849333883,190.0,1.0,0.0,0.8834591105421914,1.0,1.0,0.8834591105421914,0.1,0.65,3,20,.\experiment.py,704d8f62e463a9a2c2f406c0244e25b531004456,n=20_d=0.65_c=0.1_r=3,meirz,LOCAL
0.7762087348130012,1.0,0.0,0.0,670.0,0.6762091849333883,0.0,1.0,1.0,0.7762087348130012,1.0,1.0,0.6762091849333883,190.0,1.0,0.0,0.8834591105421914,1.0,1.0,0.8834591105421914,0.2,0.65,3,20,.\experiment.py,704d8f62e463a9a2c2f406c0244e25b531004456,n=20_d=0.65_c=0.2_r=3,meirz,LOCAL
0.37744847867494435,0.29228070175438603,0.48898266512831084,0.5743166450387016,780.0,0.17648566186444947,0.23664717348927874,0.6421052631578947,0.29564754689754685,0.41570114869437147,1.0,0.0,0.23681454961160803,54.0,1.0,0.0935672514619883,0.5299678523816173,0.6224561403508776,0.28421052631578947,0.5511422705591633,0.3,0.65,3,20,.\experiment.py,704d8f62e463a9a2c2f406c0244e25b531004456,n=20_d=0.65_c=0.3_r=3,meirz,LOCAL
0.3629181626423328,0.20017543859649128,0.5617827417887917,0.6174729297605189,570.0,0.16530743498248407,0.21812865497076014,0.5587719298245619,0.1891798941798942,0.33744960244711664,0.9816666666666664,0.0,0.16652071790800493,37.0,1.0,0.25146198830409355,0.5130071420155559,0.5173671679198001,0.19473684210526315,0.5018188742798936,0.4,0.65,3,20,.\experiment.py,704d8f62e463a9a2c2f406c0244e25b531004456,n=20_d=0.65_c=0.4_r=3,meirz,LOCAL
0.3629707218669947,0.186140350877193,0.5760946627453225,0.6147012789621056,620.0,0.14511385170698873,0.21228070175438596,0.5377192982456152,0.16507275132275134,0.35499905496256634,0.9749999999999996,0.021666666666666667,0.15271707044726376,34.0,1.0,0.21052631578947367,0.5036774718914695,0.4957518796992485,0.17894736842105263,0.49160050163046404,0.5,0.65,3,20,.\experiment.py,704d8f62e463a9a2c2f406c0244e25b531004456,n=20_d=0.65_c=0.5_r=3,meirz,LOCAL
0.36317960799838533,0.19421052631578944,0.5673290135545229,0.6113801451791044,750.0,0.12105539646807041,0.21500974658869393,0.5469298245614045,0.17999470899470899,0.41254701385947423,0.9816666666666664,0.0,0.16081527419749922,36.0,1.0,0.08187134502923976,0.4988457531421864,0.509041353383459,0.18947368421052632,0.4986924687938091,0.6,0.65,3,20,.\experiment.py,704d8f62e463a9a2c2f406c0244e25b531004456,n=20_d=0.65_c=0.6_r=3,meirz,LOCAL
0.6655824516917495,0.0,0.8834591105421914,0.8834591105421914,0.0,0.4484237291923012,0.0,0.0,0.0,0.6655824516917495,0.050000000000000024,0.0,0.4484237291923012,0.0,0.05,0.0,0.0,0.0,0.0,9.309503074677274e-18,0.7,0.65,3,20,.\experiment.py,704d8f62e463a9a2c2f406c0244e25b531004456,n=20_d=0.65_c=0.7_r=3,meirz,LOCAL
0.6655824516917495,0.0,0.8834591105421914,0.8834591105421914,0.0,0.4484237291923012,0.0,0.0,0.0,0.6655824516917495,0.050000000000000024,0.0,0.4484237291923012,0.0,0.05,0.0,0.0,0.0,0.0,9.309503074677274e-18,0.8,0.65,3,20,.\experiment.py,704d8f62e463a9a2c2f406c0244e25b531004456,n=20_d=0.65_c=0.8_r=3,meirz,LOCAL
0.6655824516917495,0.0,0.8834591105421914,0.8834591105421914,0.0,0.4484237291923012,0.0,0.0,0.0,0.6655824516917495,0.050000000000000024,0.0,0.4484237291923012,0.0,0.05,0.0,0.0,0.0,0.0,9.309503074677274e-18,0.9,0.65,3,20,.\experiment.py,704d8f62e463a9a2c2f406c0244e25b531004456,n=20_d=0.65_c=0.9_r=3,meirz,LOCAL
0.6655824516917495,0.0,0.8834591105421914,0.8834591105421914,0.0,0.4484237291923012,0.0,0.0,0.0,0.6655824516917495,0.050000000000000024,0.0,0.4484237291923012,0.0,0.05,0.0,0.0,0.0,0.0,9.309503074677274e-18,1,0.65,3,20,.\experiment.py,704d8f62e463a9a2c2f406c0244e25b531004456,n=20_d=0.65_c=1_r=3,meirz,LOCAL
0.3669727951313943,0.23789473684210527,0.5280204412499946,0.5936404759950066,670.0,0.14887490070433645,0.22884990253411303,0.5964912280701757,0.24366378066378067,0.41014504295437465,0.9933333333333333,0.0,0.19913671441549474,44.0,1.0,0.0935672514619883,0.5139426864106703,0.5655321637426908,0.23157894736842105,0.524984309807385,0.1,0.95,3,20,.\experiment.py,704d8f62e463a9a2c2f406c0244e25b531004456,n=20_d=0.95_c=0.1_r=3,meirz,LOCAL
0.3622156698285919,0.1901754385964912,0.5715650753473938,0.6141165672757279,990.0,0.11799716864550988,0.21559454191033137,0.5390350877192989,0.1731164021164021,0.4097481472410048,0.9799999999999998,0.0,0.15750831857715103,35.0,1.0,0.08771929824561403,0.49692796642628106,0.503009189640769,0.18421052631578946,0.4960917732621019,0.2,0.95,3,20,.\experiment.py,704d8f62e463a9a2c2f406c0244e25b531004456,n=20_d=0.95_c=0.2_r=3,meirz,LOCAL
0.3651087257764842,0.18157894736842106,0.581520324823016,0.6196059874075939,570.0,0.11246741000666108,0.2056530214424951,0.5236842105263168,0.15482275132275136,0.4042709134283656,0.9699999999999999,0.0,0.146087055566487,33.0,1.0,0.09941520467836257,0.4933142487830575,0.4866787802840438,0.1736842105263158,0.48631068235476016,0.3,0.95,3,20,.\experiment.py,704d8f62e463a9a2c2f406c0244e25b531004456,n=20_d=0.95_c=0.3_r=3,meirz,LOCAL
0.36633296487610745,0.16403508771929823,0.5995324664994284,0.6190477414436779,430.0,0.12393662400137255,0.19980506822612087,0.5083333333333343,0.1274206349206349,0.37043232335545306,0.9599999999999997,0.03333333333333333,0.13018861114602362,30.0,1.0,0.17543859649122806,0.4935024494265737,0.45645446950710133,0.15789473684210525,0.47318416630916743,0.4,0.95,3,20,.\experiment.py,704d8f62e463a9a2c2f406c0244e25b531004456,n=20_d=0.95_c=0.4_r=3,meirz,LOCAL
0.36317960799838533,0.19421052631578944,0.5673290135545229,0.6117058719123828,610.0,0.12017254492970553,0.21500974658869393,0.5447368421052639,0.17999470899470899,0.41255144359840684,0.9816666666666664,0.0,0.16081527419749922,36.0,1.0,0.08187134502923976,0.49836561303766175,0.509041353383459,0.18947368421052632,0.4986924687938091,0.5,0.95,3,20,.\experiment.py,704d8f62e463a9a2c2f406c0244e25b531004456,n=20_d=0.95_c=0.5_r=3,meirz,LOCAL
0.3651087257764842,0.18157894736842106,0.581520324823016,0.6218955524667311,490.0,0.1254430586719639,0.2056530214424951,0.5245614035087729,0.15482275132275136,0.3782109885528333,0.9699999999999999,0.0,0.146087055566487,33.0,1.0,0.15789473684210525,0.49654035464596047,0.4866787802840438,0.1736842105263158,0.48631068235476016,0.6,0.95,3,20,.\experiment.py,704d8f62e463a9a2c2f406c0244e25b531004456,n=20_d=0.95_c=0.6_r=3,meirz,LOCAL
0.3651087257764842,0.18157894736842106,0.581520324823016,0.6202830553101548,480.0,0.11075056136705258,0.2056530214424951,0.5192982456140356,0.15482275132275136,0.4043327674497278,0.9699999999999999,0.0,0.146087055566487,33.0,1.0,0.09941520467836257,0.49238607937373813,0.4866787802840438,0.1736842105263158,0.48631068235476016,0.7,0.95,3,20,.\experiment.py,704d8f62e463a9a2c2f406c0244e25b531004456,n=20_d=0.95_c=0.7_r=3,meirz,LOCAL
0.36317960799838533,0.19421052631578944,0.5673290135545229,0.6117711851132905,510.0,0.11999615703558476,0.21500974658869393,0.5442982456140358,0.17999470899470899,0.4125526093112732,0.9816666666666664,0.0,0.16081527419749922,36.0,1.0,0.08187134502923976,0.4982697611382261,0.509041353383459,0.18947368421052632,0.4986924687938091,0.8,0.95,3,20,.\experiment.py,704d8f62e463a9a2c2f406c0244e25b531004456,n=20_d=0.95_c=0.8_r=3,meirz,LOCAL
0.3651087257764842,0.18157894736842106,0.581520324823016,0.6195385814710201,640.0,0.11263953421333027,0.2056530214424951,0.5241228070175451,0.15482275132275136,0.40426525093360505,0.9699999999999999,0.0,0.146087055566487,33.0,1.0,0.09941520467836257,0.49340739855485366,0.4866787802840438,0.1736842105263158,0.48631068235476016,0.9,0.95,3,20,.\experiment.py,704d8f62e463a9a2c2f406c0244e25b531004456,n=20_d=0.95_c=0.9_r=3,meirz,LOCAL
0.6655824516917495,0.0,0.8834591105421914,0.8834591105421914,0.0,0.4484237291923012,0.0,0.0,0.0,0.6655824516917495,0.050000000000000024,0.0,0.4484237291923012,0.0,0.05,0.0,0.0,0.0,0.0,9.309503074677274e-18,1,0.95,3,20,.\experiment.py,704d8f62e463a9a2c2f406c0244e25b531004456,n=20_d=0.95_c=1_r=3,meirz,LOCAL
0.7483314773547883,1.0,0.0,0.0,270.0,0.611550907963965,0.0,1.0,1.0,0.7483314773547883,1.0,1.0,0.611550907963965,45.0,1.0,0.0,0.8729261137118078,1.0,1.0,0.8729261137118078,0.1,0.35,10,10,.\experiment.py,704d8f62e463a9a2c2f406c0244e25b531004456,n=10_d=0.35_c=0.1_r=10,meirz,LOCAL
0.7483314773547883,1.0,0.0,0.0,260.0,0.611550907963965,0.0,1.0,1.0,0.7483314773547883,1.0,1.0,0.611550907963965,45.0,1.0,0.0,0.8729261137118078,1.0,1.0,0.8729261137118078,0.2,0.35,10,10,.\experiment.py,704d8f62e463a9a2c2f406c0244e25b531004456,n=10_d=0.35_c=0.2_r=10,meirz,LOCAL
0.4089962922578611,0.4733333333333334,0.37472672543623403,0.5230489909306587,350.0,0.16350918558995636,0.2833333333333334,0.7333333333333333,0.48265079365079366,0.4192880503136268,0.9966666666666666,0.0,0.2942129799170025,21.0,1.0,0.1111111111111111,0.5617652952199702,0.7229012345679013,0.4666666666666667,0.6105524247572636,0.3,0.35,10,10,.\experiment.py,704d8f62e463a9a2c2f406c0244e25b531004456,n=10_d=0.35_c=0.3_r=10,meirz,LOCAL
0.6648308055437865,0.0,0.8729261137118077,0.8729261137118078,0.0,0.4679289219470336,0.0,0.0,0.0,0.6648308055437865,0.10000000000000005,0.0,0.46792892194703356,0.0,0.1,0.0,0.0,0.0,0.0,1.8619006149354548e-17,0.4,0.35,10,10,.\experiment.py,704d8f62e463a9a2c2f406c0244e25b531004456,n=10_d=0.35_c=0.4_r=10,meirz,LOCAL
0.6648308055437865,0.0,0.8729261137118077,0.8729261137118078,0.0,0.4679289219470336,0.0,0.0,0.0,0.6648308055437865,0.10000000000000005,0.0,0.46792892194703356,0.0,0.1,0.0,0.0,0.0,0.0,1.8619006149354548e-17,0.5,0.35,10,10,.\experiment.py,704d8f62e463a9a2c2f406c0244e25b531004456,n=10_d=0.35_c=0.5_r=10,meirz,LOCAL
0.6648308055437865,0.0,0.8729261137118077,0.8729261137118078,0.0,0.4679289219470336,0.0,0.0,0.0,0.6648308055437865,0.10000000000000005,0.0,0.46792892194703356,0.0,0.1,0.0,0.0,0.0,0.0,1.8619006149354548e-17,0.6,0.35,10,10,.\experiment.py,704d8f62e463a9a2c2f406c0244e25b531004456,n=10_d=0.35_c=0.6_r=10,meirz,LOCAL
0.6648308055437865,0.0,0.8729261137118077,0.8729261137118078,0.0,0.4679289219470336,0.0,0.0,0.0,0.6648308055437865,0.10000000000000005,0.0,0.46792892194703356,0.0,0.1,0.0,0.0,0.0,0.0,1.8619006149354548e-17,0.7,0.35,10,10,.\experiment.py,704d8f62e463a9a2c2f406c0244e25b531004456,n=10_d=0.35_c=0.7_r=10,meirz,LOCAL
0.6648308055437865,0.0,0.8729261137118077,0.8729261137118078,0.0,0.4679289219470336,0.0,0.0,0.0,0.6648308055437865,0.10000000000000005,0.0,0.46792892194703356,0.0,0.1,0.0,0.0,0.0,0.0,1.8619006149354548e-17,0.8,0.35,10,10,.\experiment.py,704d8f62e463a9a2c2f406c0244e25b531004456,n=10_d=0.35_c=0.8_r=10,meirz,LOCAL
0.6648308055437865,0.0,0.8729261137118077,0.8729261137118078,0.0,0.4679289219470336,0.0,0.0,0.0,0.6648308055437865,0.10000000000000005,0.0,0.46792892194703356,0.0,0.1,0.0,0.0,0.0,0.0,1.8619006149354548e-17,0.9,0.35,10,10,.\experiment.py,704d8f62e463a9a2c2f406c0244e25b531004456,n=10_d=0.35_c=0.9_r=10,meirz,LOCAL
0.6648308055437865,0.0,0.8729261137118077,0.8729261137118078,0.0,0.4679289219470336,0.0,0.0,0.0,0.6648308055437865,0.10000000000000005,0.0,0.46792892194703356,0.0,0.1,0.0,0.0,0.0,0.0,1.8619006149354548e-17,1,0.35,10,10,.\experiment.py,704d8f62e463a9a2c2f406c0244e25b531004456,n=10_d=0.35_c=1_r=10,meirz,LOCAL
0.7483314773547883,1.0,0.0,0.0,260.0,0.611550907963965,0.0,1.0,1.0,0.7483314773547883,1.0,1.0,0.611550907963965,45.0,1.0,0.0,0.8729261137118078,1.0,1.0,0.8729261137118078,0.1,0.65,10,10,.\experiment.py,704d8f62e463a9a2c2f406c0244e25b531004456,n=10_d=0.65_c=0.1_r=10,meirz,LOCAL
0.7483314773547883,1.0,0.0,0.0,270.0,0.611550907963965,0.0,1.0,1.0,0.7483314773547883,1.0,1.0,0.611550907963965,45.0,1.0,0.0,0.8729261137118078,1.0,1.0,0.8729261137118078,0.2,0.65,10,10,.\experiment.py,704d8f62e463a9a2c2f406c0244e25b531004456,n=10_d=0.65_c=0.2_r=10,meirz,LOCAL
0.36962383074366284,0.38666666666666677,0.43966715632667547,0.5460577005643992,270.0,0.1205298089364189,0.2898148148148148,0.6888888888888889,0.37433333333333346,0.4194720373558371,0.9933333333333333,0.0,0.23754819949062472,17.0,1.0,0.08333333333333333,0.5355797597112364,0.6610864197530865,0.37777777777777777,0.567222862950375,0.3,0.65,10,10,.\experiment.py,704d8f62e463a9a2c2f406c0244e25b531004456,n=10_d=0.65_c=0.3_r=10,meirz,LOCAL
0.35076146896929383,0.29999999999999993,0.5005648587130341,0.5816967046850331,280.0,0.10868019810220081,0.2824074074074074,0.614814814814815,0.29671428571428576,0.36250254244413743,0.9666666666666666,0.0,0.19061676534849697,13.0,1.0,0.19444444444444445,0.5117152897099208,0.5671604938271606,0.28888888888888886,0.5158634408397036,0.4,0.65,10,10,.\experiment.py,704d8f62e463a9a2c2f406c0244e25b531004456,n=10_d=0.65_c=0.4_r=10,meirz,LOCAL
0.36014701122002996,0.3303703703703703,0.47289783250776696,0.5716795940901159,300.0,0.10838634347233583,0.2814814814814815,0.6370370370370372,0.3392698412698413,0.3763407672759551,0.9899999999999999,0.0,0.21031094359845393,14.0,1.0,0.16666666666666666,0.5177613519357148,0.6077477954144622,0.3111111111111111,0.541283255617993,0.5,0.65,10,10,.\experiment.py,704d8f62e463a9a2c2f406c0244e25b531004456,n=10_d=0.65_c=0.5_r=10,meirz,LOCAL
0.34517700254347133,0.28444444444444433,0.5154286267348129,0.587025353312869,260.0,0.05914920335801254,0.28333333333333327,0.5777777777777781,0.26788888888888895,0.41114864693507525,0.9666666666666666,0.0,0.17986496696271034,12.0,1.0,0.08333333333333333,0.49434455919922554,0.5539753086419755,0.26666666666666666,0.5081241246465853,0.6,0.65,10,10,.\experiment.py,704d8f62e463a9a2c2f406c0244e25b531004456,n=10_d=0.65_c=0.6_r=10,meirz,LOCAL
0.6648308055437865,0.0,0.8729261137118077,0.8729261137118078,0.0,0.4679289219470336,0.0,0.0,0.0,0.6648308055437865,0.10000000000000005,0.0,0.46792892194703356,0.0,0.1,0.0,0.0,0.0,0.0,1.8619006149354548e-17,0.7,0.65,10,10,.\experiment.py,704d8f62e463a9a2c2f406c0244e25b531004456,n=10_d=0.65_c=0.7_r=10,meirz,LOCAL
0.6648308055437865,0.0,0.8729261137118077,0.8729261137118078,0.0,0.4679289219470336,0.0,0.0,0.0,0.6648308055437865,0.10000000000000005,0.0,0.46792892194703356,0.0,0.1,0.0,0.0,0.0,0.0,1.8619006149354548e-17,0.8,0.65,10,10,.\experiment.py,704d8f62e463a9a2c2f406c0244e25b531004456,n=10_d=0.65_c=0.8_r=10,meirz,LOCAL
0.6648308055437865,0.0,0.8729261137118077,0.8729261137118078,0.0,0.4679289219470336,0.0,0.0,0.0,0.6648308055437865,0.10000000000000005,0.0,0.46792892194703356,0.0,0.1,0.0,0.0,0.0,0.0,1.8619006149354548e-17,0.9,0.65,10,10,.\experiment.py,704d8f62e463a9a2c2f406c0244e25b531004456,n=10_d=0.65_c=0.9_r=10,meirz,LOCAL
0.6648308055437865,0.0,0.8729261137118077,0.8729261137118078,0.0,0.4679289219470336,0.0,0.0,0.0,0.6648308055437865,0.10000000000000005,0.0,0.46792892194703356,0.0,0.1,0.0,0.0,0.0,0.0,1.8619006149354548e-17,1,0.65,10,10,.\experiment.py,704d8f62e463a9a2c2f406c0244e25b531004456,n=10_d=0.65_c=1_r=10,meirz,LOCAL
0.35076146896929383,0.29999999999999993,0.5005648587130341,0.5946469021794404,260.0,0.1621190268758466,0.2824074074074074,0.6111111111111113,0.29671428571428576,0.3008219193484641,0.9666666666666666,0.0,0.19061676534849697,13.0,1.0,0.3333333333333333,0.5249808932443208,0.5671604938271606,0.28888888888888886,0.5158634408397036,0.1,0.95,10,10,.\experiment.py,704d8f62e463a9a2c2f406c0244e25b531004456,n=10_d=0.95_c=0.1_r=10,meirz,LOCAL
0.3468561689237182,0.26,0.5364005016932173,0.5984548004220103,320.0,0.05718595278701864,0.28611111111111115,0.5444444444444447,0.2611111111111112,0.398794479697296,0.9033333333333332,0.0,0.17940477794201165,11.0,1.0,0.1111111111111111,0.48549325814443994,0.4961481481481483,0.24444444444444444,0.4709874753328786,0.2,0.95,10,10,.\experiment.py,704d8f62e463a9a2c2f406c0244e25b531004456,n=10_d=0.95_c=0.2_r=10,meirz,LOCAL
0.3610190808127283,0.20444444444444446,0.6044885289640647,0.629819688090308,260.0,0.13716960554682317,0.2768518518518518,0.5000000000000001,0.17277777777777772,0.3137684134580003,0.7733333333333332,0.0,0.18374969140960767,9.0,1.0,0.3055555555555556,0.4885415432756695,0.38209876543209886,0.2,0.3866972675244386,0.3,0.95,10,10,.\experiment.py,704d8f62e463a9a2c2f406c0244e25b531004456,n=10_d=0.95_c=0.3_r=10,meirz,LOCAL
0.3610190808127283,0.20444444444444446,0.6044885289640647,0.6254896572969528,260.0,0.07584910295944894,0.2768518518518518,0.4629629629629632,0.17277777777777772,0.37768335784472545,0.7733333333333332,0.0,0.18374969140960767,9.0,1.0,0.16666666666666666,0.46735692631076386,0.38209876543209886,0.2,0.3866972675244386,0.4,0.95,10,10,.\experiment.py,704d8f62e463a9a2c2f406c0244e25b531004456,n=10_d=0.95_c=0.4_r=10,meirz,LOCAL
0.3610190808127283,0.20444444444444446,0.6044885289640647,0.6336607557366704,260.0,0.13706716385556175,0.2768518518518518,0.4762962962962964,0.17277777777777772,0.31545386119994373,0.7733333333333332,0.0,0.18374969140960767,9.0,1.0,0.3055555555555556,0.4837814298619644,0.38209876543209886,0.2,0.3866972675244386,0.5,0.95,10,10,.\experiment.py,704d8f62e463a9a2c2f406c0244e25b531004456,n=10_d=0.95_c=0.5_r=10,meirz,LOCAL
0.3610190808127283,0.20444444444444446,0.6044885289640647,0.6441639449151663,260.0,0.199397239848648,0.2768518518518518,0.5129629629629631,0.17277777777777772,0.2514825724080412,0.7733333333333332,0.0,0.18374969140960767,9.0,1.0,0.4444444444444444,0.5119886454930955,0.38209876543209886,0.2,0.3866972675244386,0.6,0.95,10,10,.\experiment.py,704d8f62e463a9a2c2f406c0244e25b531004456,n=10_d=0.95_c=0.6_r=10,meirz,LOCAL
0.3610190808127283,0.20444444444444446,0.6044885289640647,0.6280726937560455,260.0,0.1374992205988635,0.2768518518518518,0.5111111111111113,0.17277777777777772,0.31309880900049886,0.7733333333333332,0.0,0.18374969140960767,9.0,1.0,0.3055555555555556,0.4908357699744588,0.38209876543209886,0.2,0.3866972675244386,0.7,0.95,10,10,.\experiment.py,704d8f62e463a9a2c2f406c0244e25b531004456,n=10_d=0.95_c=0.7_r=10,meirz,LOCAL
0.3610190808127283,0.20444444444444446,0.6044885289640647,0.6318410185341974,260.0,0.1370131110244293,0.2768518518518518,0.48740740740740757,0.17277777777777772,0.3146204628839245,0.7733333333333332,0.0,0.18374969140960767,9.0,1.0,0.3055555555555556,0.48598974851872645,0.38209876543209886,0.2,0.3866972675244386,0.8,0.95,10,10,.\experiment.py,704d8f62e463a9a2c2f406c0244e25b531004456,n=10_d=0.95_c=0.8_r=10,meirz,LOCAL
0.3610190808127283,0.20444444444444446,0.6044885289640647,0.6336607557366704,260.0,0.13706716385556175,0.2768518518518518,0.47629629629629633,0.17277777777777772,0.31545386119994373,0.7733333333333332,0.0,0.18374969140960767,9.0,1.0,0.3055555555555556,0.4837814298619644,0.38209876543209886,0.2,0.3866972675244386,0.9,0.95,10,10,.\experiment.py,704d8f62e463a9a2c2f406c0244e25b531004456,n=10_d=0.95_c=0.9_r=10,meirz,LOCAL
0.6648308055437865,0.0,0.8729261137118077,0.8729261137118078,0.0,0.4679289219470336,0.0,0.0,0.0,0.6648308055437865,0.10000000000000005,0.0,0.46792892194703356,0.0,0.1,0.0,0.0,0.0,0.0,1.8619006149354548e-17,1,0.95,10,10,.\experiment.py,704d8f62e463a9a2c2f406c0244e25b531004456,n=10_d=0.95_c=1_r=10,meirz,LOCAL
0.7483314773547883,1.0,0.0,0.0,260.0,0.611550907963965,0.0,1.0,1.0,0.7483314773547883,1.0,1.0,0.611550907963965,45.0,1.0,0.0,0.8729261137118078,1.0,1.0,0.8729261137118078,0.1,0.35,8,10,.\experiment.py,704d8f62e463a9a2c2f406c0244e25b531004456,n=10_d=0.35_c=0.1_r=8,meirz,LOCAL
0.7483314773547883,1.0,0.0,0.0,260.0,0.611550907963965,0.0,1.0,1.0,0.7483314773547883,1.0,1.0,0.611550907963965,45.0,1.0,0.0,0.8729261137118078,1.0,1.0,0.8729261137118078,0.2,0.35,8,10,.\experiment.py,704d8f62e463a9a2c2f406c0244e25b531004456,n=10_d=0.35_c=0.2_r=8,meirz,LOCAL
0.36465071334111915,0.3637037037037038,0.45209805037110934,0.495374655571635,260.0,0.17666208550625223,0.2907407407407407,0.6777777777777778,0.36506349206349203,0.35536592165204156,0.9899999999999999,0.19666666666666666,0.22891424024853463,16.0,1.0,0.25,0.5471709507847763,0.6403950617283951,0.35555555555555557,0.5571871769411016,0.3,0.35,8,10,.\experiment.py,704d8f62e463a9a2c2f406c0244e25b531004456,n=10_d=0.35_c=0.3_r=8,meirz,LOCAL
0.6648308055437865,0.0,0.8729261137118077,0.8729261137118078,0.0,0.4679289219470336,0.0,0.0,0.0,0.6648308055437865,0.10000000000000005,0.0,0.46792892194703356,0.0,0.1,0.0,0.0,0.0,0.0,1.8619006149354548e-17,0.4,0.35,8,10,.\experiment.py,704d8f62e463a9a2c2f406c0244e25b531004456,n=10_d=0.35_c=0.4_r=8,meirz,LOCAL
0.6648308055437865,0.0,0.8729261137118077,0.8729261137118078,0.0,0.4679289219470336,0.0,0.0,0.0,0.6648308055437865,0.10000000000000005,0.0,0.46792892194703356,0.0,0.1,0.0,0.0,0.0,0.0,1.8619006149354548e-17,0.5,0.35,8,10,.\experiment.py,704d8f62e463a9a2c2f406c0244e25b531004456,n=10_d=0.35_c=0.5_r=8,meirz,LOCAL
0.6648308055437865,0.0,0.8729261137118077,0.8729261137118078,0.0,0.4679289219470336,0.0,0.0,0.0,0.6648308055437865,0.10000000000000005,0.0,0.46792892194703356,0.0,0.1,0.0,0.0,0.0,0.0,1.8619006149354548e-17,0.6,0.35,8,10,.\experiment.py,704d8f62e463a9a2c2f406c0244e25b531004456,n=10_d=0.35_c=0.6_r=8,meirz,LOCAL
0.6648308055437865,0.0,0.8729261137118077,0.8729261137118078,0.0,0.4679289219470336,0.0,0.0,0.0,0.6648308055437865,0.10000000000000005,0.0,0.46792892194703356,0.0,0.1,0.0,0.0,0.0,0.0,1.8619006149354548e-17,0.7,0.35,8,10,.\experiment.py,704d8f62e463a9a2c2f406c0244e25b531004456,n=10_d=0.35_c=0.7_r=8,meirz,LOCAL
0.6648308055437865,0.0,0.8729261137118077,0.8729261137118078,0.0,0.4679289219470336,0.0,0.0,0.0,0.6648308055437865,0.10000000000000005,0.0,0.46792892194703356,0.0,0.1,0.0,0.0,0.0,0.0,1.8619006149354548e-17,0.8,0.35,8,10,.\experiment.py,704d8f62e463a9a2c2f406c0244e25b531004456,n=10_d=0.35_c=0.8_r=8,meirz,LOCAL
0.6648308055437865,0.0,0.8729261137118077,0.8729261137118078,0.0,0.4679289219470336,0.0,0.0,0.0,0.6648308055437865,0.10000000000000005,0.0,0.46792892194703356,0.0,0.1,0.0,0.0,0.0,0.0,1.8619006149354548e-17,0.9,0.35,8,10,.\experiment.py,704d8f62e463a9a2c2f406c0244e25b531004456,n=10_d=0.35_c=0.9_r=8,meirz,LOCAL
0.6648308055437865,0.0,0.8729261137118077,0.8729261137118078,0.0,0.4679289219470336,0.0,0.0,0.0,0.6648308055437865,0.10000000000000005,0.0,0.46792892194703356,0.0,0.1,0.0,0.0,0.0,0.0,1.8619006149354548e-17,1,0.35,8,10,.\experiment.py,704d8f62e463a9a2c2f406c0244e25b531004456,n=10_d=0.35_c=1_r=8,meirz,LOCAL
0.7483314773547883,1.0,0.0,0.0,260.0,0.611550907963965,0.0,1.0,1.0,0.7483314773547883,1.0,1.0,0.611550907963965,45.0,1.0,0.0,0.8729261137118078,1.0,1.0,0.8729261137118078,0.1,0.65,8,10,.\experiment.py,704d8f62e463a9a2c2f406c0244e25b531004456,n=10_d=0.65_c=0.1_r=8,meirz,LOCAL
0.7483314773547883,1.0,0.0,0.0,270.0,0.611550907963965,0.0,1.0,1.0,0.7483314773547883,1.0,1.0,0.611550907963965,45.0,1.0,0.0,0.8729261137118078,1.0,1.0,0.8729261137118078,0.2,0.65,8,10,.\experiment.py,704d8f62e463a9a2c2f406c0244e25b531004456,n=10_d=0.65_c=0.2_r=8,meirz,LOCAL
0.3814770910894511,0.4037037037037038,0.4244774880592643,0.5454921891237873,260.0,0.15202564580414496,0.27777777777777773,0.7,0.39890476190476193,0.3738769190753609,0.9933333333333333,0.0,0.246821730663943,18.0,1.0,0.19444444444444445,0.5473223258693745,0.6731728395061727,0.4,0.574537779362644,0.3,0.65,8,10,.\experiment.py,704d8f62e463a9a2c2f406c0244e25b531004456,n=10_d=0.65_c=0.3_r=8,meirz,LOCAL
0.36014701122002996,0.3303703703703703,0.47289783250776696,0.5721520992632624,310.0,0.10735630968453103,0.2814814814814815,0.6333333333333334,0.3392698412698413,0.37627150691167177,0.9899999999999999,0.0,0.21031094359845393,14.0,1.0,0.16666666666666666,0.5168518186764325,0.6077477954144622,0.3111111111111111,0.541283255617993,0.4,0.65,8,10,.\experiment.py,704d8f62e463a9a2c2f406c0244e25b531004456,n=10_d=0.65_c=0.4_r=8,meirz,LOCAL
0.34517700254347133,0.28444444444444433,0.5154286267348129,0.5759640335135819,260.0,0.11367715940612132,0.28333333333333327,0.588888888888889,0.26788888888888895,0.34985887807500504,0.9666666666666666,0.05,0.17986496696271034,12.0,1.0,0.2222222222222222,0.5059217233164206,0.5539753086419755,0.26666666666666666,0.5081241246465853,0.5,0.65,8,10,.\experiment.py,704d8f62e463a9a2c2f406c0244e25b531004456,n=10_d=0.65_c=0.5_r=8,meirz,LOCAL
0.34517700254347133,0.28444444444444433,0.5154286267348129,0.5934259187022879,260.0,0.11044553741665514,0.28333333333333327,0.5833333333333334,0.26788888888888895,0.3491877700685293,0.9666666666666666,0.0,0.17986496696271034,12.0,1.0,0.2222222222222222,0.5041372045263613,0.5539753086419755,0.26666666666666666,0.5081241246465853,0.6,0.65,8,10,.\experiment.py,704d8f62e463a9a2c2f406c0244e25b531004456,n=10_d=0.65_c=0.6_r=8,meirz,LOCAL
0.6648308055437865,0.0,0.8729261137118077,0.8729261137118078,0.0,0.4679289219470336,0.0,0.0,0.0,0.6648308055437865,0.10000000000000005,0.0,0.46792892194703356,0.0,0.1,0.0,0.0,0.0,0.0,1.8619006149354548e-17,0.7,0.65,8,10,.\experiment.py,704d8f62e463a9a2c2f406c0244e25b531004456,n=10_d=0.65_c=0.7_r=8,meirz,LOCAL
0.6648308055437865,0.0,0.8729261137118077,0.8729261137118078,0.0,0.4679289219470336,0.0,0.0,0.0,0.6648308055437865,0.10000000000000005,0.0,0.46792892194703356,0.0,0.1,0.0,0.0,0.0,0.0,1.8619006149354548e-17,0.8,0.65,8,10,.\experiment.py,704d8f62e463a9a2c2f406c0244e25b531004456,n=10_d=0.65_c=0.8_r=8,meirz,LOCAL
0.6648308055437865,0.0,0.8729261137118077,0.8729261137118078,0.0,0.4679289219470336,0.0,0.0,0.0,0.6648308055437865,0.10000000000000005,0.0,0.46792892194703356,0.0,0.1,0.0,0.0,0.0,0.0,1.8619006149354548e-17,0.9,0.65,8,10,.\experiment.py,704d8f62e463a9a2c2f406c0244e25b531004456,n=10_d=0.65_c=0.9_r=8,meirz,LOCAL
0.6648308055437865,0.0,0.8729261137118077,0.8729261137118078,0.0,0.4679289219470336,0.0,0.0,0.0,0.6648308055437865,0.10000000000000005,0.0,0.46792892194703356,0.0,0.1,0.0,0.0,0.0,0.0,1.8619006149354548e-17,1,0.65,8,10,.\experiment.py,704d8f62e463a9a2c2f406c0244e25b531004456,n=10_d=0.65_c=1_r=8,meirz,LOCAL
0.3468561689237182,0.26,0.5364005016932173,0.603513376042096,260.0,0.11801106641744312,0.28611111111111115,0.5666666666666669,0.2611111111111112,0.33632913039256246,0.9033333333333332,0.0,0.17940477794201165,11.0,1.0,0.25,0.5006723874013554,0.4961481481481483,0.24444444444444444,0.4709874753328786,0.1,0.95,8,10,.\experiment.py,704d8f62e463a9a2c2f406c0244e25b531004456,n=10_d=0.95_c=0.1_r=8,meirz,LOCAL
0.3468561689237182,0.26,0.5364005016932173,0.5981733740810715,540.0,0.05757442848014055,0.28611111111111115,0.5462962962962966,0.2611111111111112,0.3987437405712079,0.9033333333333332,0.0,0.17940477794201165,11.0,1.0,0.1111111111111111,0.4859091291134897,0.4961481481481483,0.24444444444444444,0.4709874753328786,0.2,0.95,8,10,.\experiment.py,704d8f62e463a9a2c2f406c0244e25b531004456,n=10_d=0.95_c=0.2_r=8,meirz,LOCAL
0.35112231728396814,0.23185185185185184,0.569039882493049,0.6111040628100834,260.0,0.0628770655901584,0.27499999999999997,0.5070370370370373,0.2094444444444444,0.38746568501542417,0.8499999999999999,0.0,0.1694387980799325,10.0,1.0,0.1388888888888889,0.4766045313325233,0.44693827160493843,0.2222222222222222,0.43255082363601727,0.3,0.95,8,10,.\experiment.py,704d8f62e463a9a2c2f406c0244e25b531004456,n=10_d=0.95_c=0.3_r=8,meirz,LOCAL
0.3610190808127283,0.20444444444444446,0.6044885289640647,0.6471270051297315,260.0,0.1990463546592979,0.2768518518518518,0.49370370370370376,0.17277777777777772,0.25295884167783184,0.7733333333333332,0.0,0.18374969140960767,9.0,1.0,0.4444444444444444,0.5081878021456803,0.38209876543209886,0.2,0.3866972675244386,0.4,0.95,8,10,.\experiment.py,704d8f62e463a9a2c2f406c0244e25b531004456,n=10_d=0.95_c=0.4_r=8,meirz,LOCAL
0.3610190808127283,0.20444444444444446,0.6044885289640647,0.6237861518479801,260.0,0.07539361730852417,0.2768518518518518,0.47296296296296314,0.17277777777777772,0.37698351508350975,0.7733333333333332,0.0,0.18374969140960767,9.0,1.0,0.16666666666666666,0.46935524757106595,0.38209876543209886,0.2,0.3866972675244386,0.5,0.95,8,10,.\experiment.py,704d8f62e463a9a2c2f406c0244e25b531004456,n=10_d=0.95_c=0.5_r=8,meirz,LOCAL
0.3610190808127283,0.20444444444444446,0.6044885289640647,0.6338445846388486,260.0,0.13708247494946832,0.2768518518518518,0.47518518518518527,0.17277777777777772,0.315541383788881,0.7733333333333332,0.0,0.18374969140960767,9.0,1.0,0.3055555555555556,0.48356285170603064,0.38209876543209886,0.2,0.3866972675244386,0.6,0.95,8,10,.\experiment.py,704d8f62e463a9a2c2f406c0244e25b531004456,n=10_d=0.95_c=0.6_r=8,meirz,LOCAL
0.3610190808127283,0.20444444444444446,0.6044885289640647,0.6433281093201405,260.0,0.19956743345001748,0.2768518518518518,0.5185185185185186,0.17277777777777772,0.2511100185707687,0.7733333333333332,0.0,0.18374969140960767,9.0,1.0,0.4444444444444444,0.513106678624274,0.38209876543209886,0.2,0.3866972675244386,0.7,0.95,8,10,.\experiment.py,704d8f62e463a9a2c2f406c0244e25b531004456,n=10_d=0.95_c=0.7_r=8,meirz,LOCAL
0.3610190808127283,0.20444444444444446,0.6044885289640647,0.6289418901890443,260.0,0.13731203638456763,0.2768518518518518,0.5055555555555558,0.17277777777777772,0.3134239427695889,0.7733333333333332,0.0,0.18374969140960767,9.0,1.0,0.3055555555555556,0.4896836973565591,0.38209876543209886,0.2,0.3866972675244386,0.8,0.95,8,10,.\experiment.py,704d8f62e463a9a2c2f406c0244e25b531004456,n=10_d=0.95_c=0.8_r=8,meirz,LOCAL
0.3610190808127283,0.20444444444444446,0.6044885289640647,0.6334161739194193,260.0,0.13704954897835844,0.2768518518518518,0.4777777777777779,0.17277777777777772,0.3153383446473617,0.7733333333333332,0.0,0.18374969140960767,9.0,1.0,0.3055555555555556,0.4840735073248971,0.38209876543209886,0.2,0.3866972675244386,0.9,0.95,8,10,.\experiment.py,704d8f62e463a9a2c2f406c0244e25b531004456,n=10_d=0.95_c=0.9_r=8,meirz,LOCAL
0.6648308055437865,0.0,0.8729261137118077,0.8729261137118078,0.0,0.4679289219470336,0.0,0.0,0.0,0.6648308055437865,0.10000000000000005,0.0,0.46792892194703356,0.0,0.1,0.0,0.0,0.0,0.0,1.8619006149354548e-17,1,0.95,8,10,.\experiment.py,704d8f62e463a9a2c2f406c0244e25b531004456,n=10_d=0.95_c=1_r=8,meirz,LOCAL
0.7483314773547883,1.0,0.0,0.0,270.0,0.611550907963965,0.0,1.0,1.0,0.7483314773547883,1.0,1.0,0.611550907963965,45.0,1.0,0.0,0.8729261137118078,1.0,1.0,0.8729261137118078,0.1,0.35,5,10,.\experiment.py,704d8f62e463a9a2c2f406c0244e25b531004456,n=10_d=0.35_c=0.1_r=5,meirz,LOCAL
0.7483314773547883,1.0,0.0,0.0,260.0,0.611550907963965,0.0,1.0,1.0,0.7483314773547883,1.0,1.0,0.611550907963965,45.0,1.0,0.0,0.8729261137118078,1.0,1.0,0.8729261137118078,0.2,0.35,5,10,.\experiment.py,704d8f62e463a9a2c2f406c0244e25b531004456,n=10_d=0.35_c=0.2_r=5,meirz,LOCAL
0.36962383074366284,0.38666666666666677,0.43966715632667547,0.5541933917872766,470.0,0.15071844406945034,0.2898148148148148,0.6851851851851851,0.37433333333333346,0.3588313602938231,0.9933333333333333,0.0,0.23754819949062472,17.0,1.0,0.2222222222222222,0.5425085259107648,0.6610864197530865,0.37777777777777777,0.567222862950375,0.3,0.35,5,10,.\experiment.py,704d8f62e463a9a2c2f406c0244e25b531004456,n=10_d=0.35_c=0.3_r=5,meirz,LOCAL
0.6648308055437865,0.0,0.8729261137118077,0.8729261137118078,0.0,0.4679289219470336,0.0,0.0,0.0,0.6648308055437865,0.10000000000000005,0.0,0.46792892194703356,0.0,0.1,0.0,0.0,0.0,0.0,1.8619006149354548e-17,0.4,0.35,5,10,.\experiment.py,704d8f62e463a9a2c2f406c0244e25b531004456,n=10_d=0.35_c=0.4_r=5,meirz,LOCAL
0.6648308055437865,0.0,0.8729261137118077,0.8729261137118078,0.0,0.4679289219470336,0.0,0.0,0.0,0.6648308055437865,0.10000000000000005,0.0,0.46792892194703356,0.0,0.1,0.0,0.0,0.0,0.0,1.8619006149354548e-17,0.5,0.35,5,10,.\experiment.py,704d8f62e463a9a2c2f406c0244e25b531004456,n=10_d=0.35_c=0.5_r=5,meirz,LOCAL
0.6648308055437865,0.0,0.8729261137118077,0.8729261137118078,0.0,0.4679289219470336,0.0,0.0,0.0,0.6648308055437865,0.10000000000000005,0.0,0.46792892194703356,0.0,0.1,0.0,0.0,0.0,0.0,1.8619006149354548e-17,0.6,0.35,5,10,.\experiment.py,704d8f62e463a9a2c2f406c0244e25b531004456,n=10_d=0.35_c=0.6_r=5,meirz,LOCAL
0.6648308055437865,0.0,0.8729261137118077,0.8729261137118078,0.0,0.4679289219470336,0.0,0.0,0.0,0.6648308055437865,0.10000000000000005,0.0,0.46792892194703356,0.0,0.1,0.0,0.0,0.0,0.0,1.8619006149354548e-17,0.7,0.35,5,10,.\experiment.py,704d8f62e463a9a2c2f406c0244e25b531004456,n=10_d=0.35_c=0.7_r=5,meirz,LOCAL
0.6648308055437865,0.0,0.8729261137118077,0.8729261137118078,0.0,0.4679289219470336,0.0,0.0,0.0,0.6648308055437865,0.10000000000000005,0.0,0.46792892194703356,0.0,0.1,0.0,0.0,0.0,0.0,1.8619006149354548e-17,0.8,0.35,5,10,.\experiment.py,704d8f62e463a9a2c2f406c0244e25b531004456,n=10_d=0.35_c=0.8_r=5,meirz,LOCAL
0.6648308055437865,0.0,0.8729261137118077,0.8729261137118078,0.0,0.4679289219470336,0.0,0.0,0.0,0.6648308055437865,0.10000000000000005,0.0,0.46792892194703356,0.0,0.1,0.0,0.0,0.0,0.0,1.8619006149354548e-17,0.9,0.35,5,10,.\experiment.py,704d8f62e463a9a2c2f406c0244e25b531004456,n=10_d=0.35_c=0.9_r=5,meirz,LOCAL
0.6648308055437865,0.0,0.8729261137118077,0.8729261137118078,0.0,0.4679289219470336,0.0,0.0,0.0,0.6648308055437865,0.10000000000000005,0.0,0.46792892194703356,0.0,0.1,0.0,0.0,0.0,0.0,1.8619006149354548e-17,1,0.35,5,10,.\experiment.py,704d8f62e463a9a2c2f406c0244e25b531004456,n=10_d=0.35_c=1_r=5,meirz,LOCAL
0.7483314773547883,1.0,0.0,0.0,280.0,0.611550907963965,0.0,1.0,1.0,0.7483314773547883,1.0,1.0,0.611550907963965,45.0,1.0,0.0,0.8729261137118078,1.0,1.0,0.8729261137118078,0.1,0.65,5,10,.\experiment.py,704d8f62e463a9a2c2f406c0244e25b531004456,n=10_d=0.65_c=0.1_r=5,meirz,LOCAL
0.7483314773547883,1.0,0.0,0.0,260.0,0.611550907963965,0.0,1.0,1.0,0.7483314773547883,1.0,1.0,0.611550907963965,45.0,1.0,0.0,0.8729261137118078,1.0,1.0,0.8729261137118078,0.2,0.65,5,10,.\experiment.py,704d8f62e463a9a2c2f406c0244e25b531004456,n=10_d=0.65_c=0.2_r=5,meirz,LOCAL
0.3814770910894511,0.4037037037037038,0.4244774880592643,0.5395039127562345,260.0,0.12590413754858037,0.27777777777777773,0.6962962962962963,0.39890476190476193,0.4338774677999215,0.9933333333333333,0.0,0.246821730663943,18.0,1.0,0.05555555555555555,0.5399842501386547,0.6731728395061727,0.4,0.574537779362644,0.3,0.65,5,10,.\experiment.py,704d8f62e463a9a2c2f406c0244e25b531004456,n=10_d=0.65_c=0.3_r=5,meirz,LOCAL
0.35076146896929383,0.29999999999999993,0.5005648587130341,0.5816967046850331,260.0,0.10868019810220081,0.2824074074074074,0.614814814814815,0.29671428571428576,0.36250254244413743,0.9666666666666666,0.0,0.19061676534849697,13.0,1.0,0.19444444444444445,0.5117152897099208,0.5671604938271606,0.28888888888888886,0.5158634408397036,0.4,0.65,5,10,.\experiment.py,704d8f62e463a9a2c2f406c0244e25b531004456,n=10_d=0.65_c=0.4_r=5,meirz,LOCAL
0.36014701122002996,0.3303703703703703,0.47289783250776696,0.5721520992632624,260.0,0.10735630968453103,0.2814814814814815,0.6333333333333334,0.3392698412698413,0.37627150691167177,0.9899999999999999,0.0,0.21031094359845393,14.0,1.0,0.16666666666666666,0.5168518186764325,0.6077477954144622,0.3111111111111111,0.541283255617993,0.5,0.65,5,10,.\experiment.py,704d8f62e463a9a2c2f406c0244e25b531004456,n=10_d=0.65_c=0.5_r=5,meirz,LOCAL
0.35076146896929383,0.29999999999999993,0.5005648587130341,0.5816967046850331,260.0,0.10868019810220081,0.2824074074074074,0.614814814814815,0.29671428571428576,0.36250254244413743,0.9666666666666666,0.0,0.19061676534849697,13.0,1.0,0.19444444444444445,0.5117152897099208,0.5671604938271606,0.28888888888888886,0.5158634408397036,0.6,0.65,5,10,.\experiment.py,704d8f62e463a9a2c2f406c0244e25b531004456,n=10_d=0.65_c=0.6_r=5,meirz,LOCAL
0.6648308055437865,0.0,0.8729261137118077,0.8729261137118078,0.0,0.4679289219470336,0.0,0.0,0.0,0.6648308055437865,0.10000000000000005,0.0,0.46792892194703356,0.0,0.1,0.0,0.0,0.0,0.0,1.8619006149354548e-17,0.7,0.65,5,10,.\experiment.py,704d8f62e463a9a2c2f406c0244e25b531004456,n=10_d=0.65_c=0.7_r=5,meirz,LOCAL
0.6648308055437865,0.0,0.8729261137118077,0.8729261137118078,0.0,0.4679289219470336,0.0,0.0,0.0,0.6648308055437865,0.10000000000000005,0.0,0.46792892194703356,0.0,0.1,0.0,0.0,0.0,0.0,1.8619006149354548e-17,0.8,0.65,5,10,.\experiment.py,704d8f62e463a9a2c2f406c0244e25b531004456,n=10_d=0.65_c=0.8_r=5,meirz,LOCAL
0.6648308055437865,0.0,0.8729261137118077,0.8729261137118078,0.0,0.4679289219470336,0.0,0.0,0.0,0.6648308055437865,0.10000000000000005,0.0,0.46792892194703356,0.0,0.1,0.0,0.0,0.0,0.0,1.8619006149354548e-17,0.9,0.65,5,10,.\experiment.py,704d8f62e463a9a2c2f406c0244e25b531004456,n=10_d=0.65_c=0.9_r=5,meirz,LOCAL
0.6648308055437865,0.0,0.8729261137118077,0.8729261137118078,0.0,0.4679289219470336,0.0,0.0,0.0,0.6648308055437865,0.10000000000000005,0.0,0.46792892194703356,0.0,0.1,0.0,0.0,0.0,0.0,1.8619006149354548e-17,1,0.65,5,10,.\experiment.py,704d8f62e463a9a2c2f406c0244e25b531004456,n=10_d=0.65_c=1_r=5,meirz,LOCAL
0.3468561689237182,0.26,0.5364005016932173,0.6177823296750324,260.0,0.17814198803548412,0.28611111111111115,0.5685185185185186,0.2611111111111112,0.274380459377741,0.9033333333333332,0.0,0.17940477794201165,11.0,1.0,0.3888888888888889,0.5184980154676542,0.4961481481481483,0.24444444444444444,0.4709874753328786,0.1,0.95,5,10,.\experiment.py,704d8f62e463a9a2c2f406c0244e25b531004456,n=10_d=0.95_c=0.1_r=5,meirz,LOCAL
0.3468561689237182,0.26,0.5364005016932173,0.5978929624213949,260.0,0.05797213274999459,0.28611111111111115,0.5481481481481485,0.2611111111111112,0.3986947152829004,0.9033333333333332,0.0,0.17940477794201165,11.0,1.0,0.1111111111111111,0.4863260547719695,0.4961481481481483,0.24444444444444444,0.4709874753328786,0.2,0.95,5,10,.\experiment.py,704d8f62e463a9a2c2f406c0244e25b531004456,n=10_d=0.95_c=0.2_r=5,meirz,LOCAL
0.35112231728396814,0.23185185185185184,0.569039882493049,0.6095636974382315,310.0,0.06368862870726452,0.27499999999999997,0.5166666666666669,0.2094444444444444,0.38702729032561795,0.8499999999999999,0.0,0.1694387980799325,10.0,1.0,0.1388888888888889,0.47866842050643316,0.44693827160493843,0.2222222222222222,0.43255082363601727,0.3,0.95,5,10,.\experiment.py,704d8f62e463a9a2c2f406c0244e25b531004456,n=10_d=0.95_c=0.3_r=5,meirz,LOCAL
0.35112231728396814,0.23185185185185184,0.569039882493049,0.6186959160107169,260.0,0.1251172289800822,0.27499999999999997,0.5185185185185186,0.2094444444444444,0.32518855984075323,0.8499999999999999,0.0,0.1694387980799325,10.0,1.0,0.2777777777777778,0.49099993155257826,0.44693827160493843,0.2222222222222222,0.43255082363601727,0.4,0.95,5,10,.\experiment.py,704d8f62e463a9a2c2f406c0244e25b531004456,n=10_d=0.95_c=0.4_r=5,meirz,LOCAL
0.35112231728396814,0.23185185185185184,0.569039882493049,0.6100348322601298,260.0,0.06340887848760804,0.27499999999999997,0.5137037037037039,0.2094444444444444,0.38715713181961775,0.8499999999999999,0.0,0.1694387980799325,10.0,1.0,0.1388888888888889,0.4780301945913199,0.44693827160493843,0.2222222222222222,0.43255082363601727,0.5,0.95,5,10,.\experiment.py,704d8f62e463a9a2c2f406c0244e25b531004456,n=10_d=0.95_c=0.5_r=5,meirz,LOCAL
0.3610190808127283,0.20444444444444446,0.6044885289640647,0.6300552156437919,260.0,0.13713920115644238,0.2768518518518518,0.4985185185185189,0.17277777777777772,0.31386353005834533,0.7733333333333332,0.0,0.18374969140960767,9.0,1.0,0.3055555555555556,0.4882386528813062,0.38209876543209886,0.2,0.3866972675244386,0.6,0.95,5,10,.\experiment.py,704d8f62e463a9a2c2f406c0244e25b531004456,n=10_d=0.95_c=0.6_r=5,meirz,LOCAL
0.3610190808127283,0.20444444444444446,0.6044885289640647,0.631361474422901,260.0,0.1370291289009477,0.2768518518518518,0.4903703703703706,0.17277777777777772,0.31441111370703256,0.7733333333333332,0.0,0.18374969140960767,9.0,1.0,0.3055555555555556,0.486585511018986,0.38209876543209886,0.2,0.3866972675244386,0.7,0.95,5,10,.\experiment.py,704d8f62e463a9a2c2f406c0244e25b531004456,n=10_d=0.95_c=0.7_r=5,meirz,LOCAL
0.3610190808127283,0.20444444444444446,0.6044885289640647,0.6237861518479803,260.0,0.07539361730852419,0.2768518518518518,0.4729629629629629,0.17277777777777772,0.37698351508350975,0.7733333333333332,0.0,0.18374969140960767,9.0,1.0,0.16666666666666666,0.4693552475710659,0.38209876543209886,0.2,0.3866972675244386,0.8,0.95,5,10,.\experiment.py,704d8f62e463a9a2c2f406c0244e25b531004456,n=10_d=0.95_c=0.8_r=5,meirz,LOCAL
0.35112231728396814,0.23185185185185184,0.569039882493049,0.6190424926301552,260.0,0.12500271601987567,0.27499999999999997,0.5162962962962966,0.2094444444444444,0.32530142189846517,0.8499999999999999,0.0,0.1694387980799325,10.0,1.0,0.2777777777777778,0.49053135994466585,0.44693827160493843,0.2222222222222222,0.43255082363601727,0.9,0.95,5,10,.\experiment.py,704d8f62e463a9a2c2f406c0244e25b531004456,n=10_d=0.95_c=0.9_r=5,meirz,LOCAL
0.6648308055437865,0.0,0.8729261137118077,0.8729261137118078,0.0,0.4679289219470336,0.0,0.0,0.0,0.6648308055437865,0.10000000000000005,0.0,0.46792892194703356,0.0,0.1,0.0,0.0,0.0,0.0,1.8619006149354548e-17,1,0.95,5,10,.\experiment.py,704d8f62e463a9a2c2f406c0244e25b531004456,n=10_d=0.95_c=1_r=5,meirz,LOCAL
0.7483314773547883,1.0,0.0,0.0,260.0,0.611550907963965,0.0,1.0,1.0,0.7483314773547883,1.0,1.0,0.611550907963965,45.0,1.0,0.0,0.8729261137118078,1.0,1.0,0.8729261137118078,0.1,0.35,3,10,.\experiment.py,704d8f62e463a9a2c2f406c0244e25b531004456,n=10_d=0.35_c=0.1_r=3,meirz,LOCAL
0.7483314773547883,1.0,0.0,0.0,260.0,0.611550907963965,0.0,1.0,1.0,0.7483314773547883,1.0,1.0,0.611550907963965,45.0,1.0,0.0,0.8729261137118078,1.0,1.0,0.8729261137118078,0.2,0.35,3,10,.\experiment.py,704d8f62e463a9a2c2f406c0244e25b531004456,n=10_d=0.35_c=0.2_r=3,meirz,LOCAL
0.3814770910894511,0.4037037037037038,0.4244774880592643,0.5390893098092534,310.0,0.12715090458869294,0.27777777777777773,0.7,0.39890476190476193,0.43404499965832466,0.9933333333333333,0.0,0.246821730663943,18.0,1.0,0.05555555555555555,0.5409411095032594,0.6731728395061727,0.4,0.574537779362644,0.3,0.35,3,10,.\experiment.py,704d8f62e463a9a2c2f406c0244e25b531004456,n=10_d=0.35_c=0.3_r=3,meirz,LOCAL
0.6648308055437865,0.0,0.8729261137118077,0.8729261137118078,0.0,0.4679289219470336,0.0,0.0,0.0,0.6648308055437865,0.10000000000000005,0.0,0.46792892194703356,0.0,0.1,0.0,0.0,0.0,0.0,1.8619006149354548e-17,0.4,0.35,3,10,.\experiment.py,704d8f62e463a9a2c2f406c0244e25b531004456,n=10_d=0.35_c=0.4_r=3,meirz,LOCAL
0.6648308055437865,0.0,0.8729261137118077,0.8729261137118078,0.0,0.4679289219470336,0.0,0.0,0.0,0.6648308055437865,0.10000000000000005,0.0,0.46792892194703356,0.0,0.1,0.0,0.0,0.0,0.0,1.8619006149354548e-17,0.5,0.35,3,10,.\experiment.py,704d8f62e463a9a2c2f406c0244e25b531004456,n=10_d=0.35_c=0.5_r=3,meirz,LOCAL
0.6648308055437865,0.0,0.8729261137118077,0.8729261137118078,0.0,0.4679289219470336,0.0,0.0,0.0,0.6648308055437865,0.10000000000000005,0.0,0.46792892194703356,0.0,0.1,0.0,0.0,0.0,0.0,1.8619006149354548e-17,0.6,0.35,3,10,.\experiment.py,704d8f62e463a9a2c2f406c0244e25b531004456,n=10_d=0.35_c=0.6_r=3,meirz,LOCAL
0.6648308055437865,0.0,0.8729261137118077,0.8729261137118078,0.0,0.4679289219470336,0.0,0.0,0.0,0.6648308055437865,0.10000000000000005,0.0,0.46792892194703356,0.0,0.1,0.0,0.0,0.0,0.0,1.8619006149354548e-17,0.7,0.35,3,10,.\experiment.py,704d8f62e463a9a2c2f406c0244e25b531004456,n=10_d=0.35_c=0.7_r=3,meirz,LOCAL
0.6648308055437865,0.0,0.8729261137118077,0.8729261137118078,0.0,0.4679289219470336,0.0,0.0,0.0,0.6648308055437865,0.10000000000000005,0.0,0.46792892194703356,0.0,0.1,0.0,0.0,0.0,0.0,1.8619006149354548e-17,0.8,0.35,3,10,.\experiment.py,704d8f62e463a9a2c2f406c0244e25b531004456,n=10_d=0.35_c=0.8_r=3,meirz,LOCAL
0.6648308055437865,0.0,0.8729261137118077,0.8729261137118078,0.0,0.4679289219470336,0.0,0.0,0.0,0.6648308055437865,0.10000000000000005,0.0,0.46792892194703356,0.0,0.1,0.0,0.0,0.0,0.0,1.8619006149354548e-17,0.9,0.35,3,10,.\experiment.py,704d8f62e463a9a2c2f406c0244e25b531004456,n=10_d=0.35_c=0.9_r=3,meirz,LOCAL
0.6648308055437865,0.0,0.8729261137118077,0.8729261137118078,0.0,0.4679289219470336,0.0,0.0,0.0,0.6648308055437865,0.10000000000000005,0.0,0.46792892194703356,0.0,0.1,0.0,0.0,0.0,0.0,1.8619006149354548e-17,1,0.35,3,10,.\experiment.py,704d8f62e463a9a2c2f406c0244e25b531004456,n=10_d=0.35_c=1_r=3,meirz,LOCAL
0.7483314773547883,1.0,0.0,0.0,260.0,0.611550907963965,0.0,1.0,1.0,0.7483314773547883,1.0,1.0,0.611550907963965,45.0,1.0,0.0,0.8729261137118078,1.0,1.0,0.8729261137118078,0.1,0.65,3,10,.\experiment.py,704d8f62e463a9a2c2f406c0244e25b531004456,n=10_d=0.65_c=0.1_r=3,meirz,LOCAL
0.7483314773547883,1.0,0.0,0.0,260.0,0.611550907963965,0.0,1.0,1.0,0.7483314773547883,1.0,1.0,0.611550907963965,45.0,1.0,0.0,0.8729261137118078,1.0,1.0,0.8729261137118078,0.2,0.65,3,10,.\experiment.py,704d8f62e463a9a2c2f406c0244e25b531004456,n=10_d=0.65_c=0.2_r=3,meirz,LOCAL
0.3913305611363379,0.4251851851851853,0.40818987390508127,0.5325515102890153,300.0,0.1355095044222054,0.274074074074074,0.7111111111111111,0.4240793650793651,0.44876373392787533,0.9966666666666666,0.0,0.2601022651308417,19.0,1.0,0.027777777777777776,0.5467581224311574,0.6903703703703703,0.4222222222222222,0.5858949917968359,0.3,0.65,3,10,.\experiment.py,704d8f62e463a9a2c2f406c0244e25b531004456,n=10_d=0.65_c=0.3_r=3,meirz,LOCAL
0.363291779229356,0.3503703703703705,0.4607593989642946,0.5577733510227171,520.0,0.09516428650818427,0.2842592592592592,0.6666666666666666,0.3523968253968254,0.4521553322083512,0.9899999999999999,0.0,0.21981775837448486,15.0,1.0,0.0,0.5226003359270937,0.6269259259259261,0.3333333333333333,0.5500695159806501,0.4,0.65,3,10,.\experiment.py,704d8f62e463a9a2c2f406c0244e25b531004456,n=10_d=0.65_c=0.4_r=3,meirz,LOCAL
0.36014701122002996,0.3303703703703703,0.47289783250776696,0.5716795940901159,380.0,0.10838634347233583,0.2814814814814815,0.6370370370370372,0.3392698412698413,0.3763407672759551,0.9899999999999999,0.0,0.21031094359845393,14.0,1.0,0.16666666666666666,0.5177613519357148,0.6077477954144622,0.3111111111111111,0.541283255617993,0.5,0.65,3,10,.\experiment.py,704d8f62e463a9a2c2f406c0244e25b531004456,n=10_d=0.65_c=0.5_r=3,meirz,LOCAL
0.35076146896929383,0.29999999999999993,0.5005648587130341,0.5816967046850331,300.0,0.10868019810220078,0.2824074074074074,0.6148148148148149,0.29671428571428576,0.36250254244413743,0.9666666666666666,0.0,0.19061676534849697,13.0,1.0,0.19444444444444445,0.5117152897099208,0.5671604938271606,0.28888888888888886,0.5158634408397036,0.6,0.65,3,10,.\experiment.py,704d8f62e463a9a2c2f406c0244e25b531004456,n=10_d=0.65_c=0.6_r=3,meirz,LOCAL
0.6648308055437865,0.0,0.8729261137118077,0.8729261137118078,0.0,0.4679289219470336,0.0,0.0,0.0,0.6648308055437865,0.10000000000000005,0.0,0.46792892194703356,0.0,0.1,0.0,0.0,0.0,0.0,1.8619006149354548e-17,0.7,0.65,3,10,.\experiment.py,704d8f62e463a9a2c2f406c0244e25b531004456,n=10_d=0.65_c=0.7_r=3,meirz,LOCAL
0.6648308055437865,0.0,0.8729261137118077,0.8729261137118078,0.0,0.4679289219470336,0.0,0.0,0.0,0.6648308055437865,0.10000000000000005,0.0,0.46792892194703356,0.0,0.1,0.0,0.0,0.0,0.0,1.8619006149354548e-17,0.8,0.65,3,10,.\experiment.py,704d8f62e463a9a2c2f406c0244e25b531004456,n=10_d=0.65_c=0.8_r=3,meirz,LOCAL
0.6648308055437865,0.0,0.8729261137118077,0.8729261137118078,0.0,0.4679289219470336,0.0,0.0,0.0,0.6648308055437865,0.10000000000000005,0.0,0.46792892194703356,0.0,0.1,0.0,0.0,0.0,0.0,1.8619006149354548e-17,0.9,0.65,3,10,.\experiment.py,704d8f62e463a9a2c2f406c0244e25b531004456,n=10_d=0.65_c=0.9_r=3,meirz,LOCAL
0.6648308055437865,0.0,0.8729261137118077,0.8729261137118078,0.0,0.4679289219470336,0.0,0.0,0.0,0.6648308055437865,0.10000000000000005,0.0,0.46792892194703356,0.0,0.1,0.0,0.0,0.0,0.0,1.8619006149354548e-17,1,0.65,3,10,.\experiment.py,704d8f62e463a9a2c2f406c0244e25b531004456,n=10_d=0.65_c=1_r=3,meirz,LOCAL
0.34517700254347133,0.28444444444444433,0.5154286267348129,0.5921387150723361,270.0,0.11215558466464239,0.28333333333333327,0.5925925925925928,0.26788888888888895,0.3491239280639132,0.9666666666666666,0.0,0.17986496696271034,12.0,1.0,0.2222222222222222,0.5062923676999496,0.5539753086419755,0.26666666666666666,0.5081241246465853,0.1,0.95,3,10,.\experiment.py,704d8f62e463a9a2c2f406c0244e25b531004456,n=10_d=0.95_c=0.1_r=3,meirz,LOCAL
0.34517700254347133,0.28444444444444433,0.5154286267348129,0.6051703384551769,270.0,0.17013066873566463,0.28333333333333327,0.5962962962962965,0.26788888888888895,0.287275886287467,0.9666666666666666,0.0,0.17986496696271034,12.0,1.0,0.3611111111111111,0.5228922678058441,0.5539753086419755,0.26666666666666666,0.5081241246465853,0.2,0.95,3,10,.\experiment.py,704d8f62e463a9a2c2f406c0244e25b531004456,n=10_d=0.95_c=0.2_r=3,meirz,LOCAL
0.34517700254347133,0.28444444444444433,0.5154286267348129,0.5921387150723361,260.0,0.1121555846646424,0.28333333333333327,0.5925925925925929,0.26788888888888895,0.3491239280639132,0.9666666666666666,0.0,0.17986496696271034,12.0,1.0,0.2222222222222222,0.5062923676999496,0.5539753086419755,0.26666666666666666,0.5081241246465853,0.3,0.95,3,10,.\experiment.py,704d8f62e463a9a2c2f406c0244e25b531004456,n=10_d=0.95_c=0.3_r=3,meirz,LOCAL
0.35076146896929383,0.29999999999999993,0.5005648587130341,0.5816967046850331,300.0,0.10868019810220081,0.2824074074074074,0.614814814814815,0.29671428571428576,0.36250254244413743,0.9666666666666666,0.0,0.19061676534849697,13.0,1.0,0.19444444444444445,0.5117152897099208,0.5671604938271606,0.28888888888888886,0.5158634408397036,0.4,0.95,3,10,.\experiment.py,704d8f62e463a9a2c2f406c0244e25b531004456,n=10_d=0.95_c=0.4_r=3,meirz,LOCAL
0.35076146896929383,0.29999999999999993,0.5005648587130341,0.5816967046850331,260.0,0.10868019810220081,0.2824074074074074,0.614814814814815,0.29671428571428576,0.36250254244413743,0.9666666666666666,0.0,0.19061676534849697,13.0,1.0,0.19444444444444445,0.5117152897099208,0.5671604938271606,0.28888888888888886,0.5158634408397036,0.5,0.95,3,10,.\experiment.py,704d8f62e463a9a2c2f406c0244e25b531004456,n=10_d=0.95_c=0.5_r=3,meirz,LOCAL
0.35076146896929383,0.29999999999999993,0.5005648587130341,0.5816967046850331,330.0,0.10868019810220075,0.2824074074074074,0.6148148148148148,0.29671428571428576,0.36250254244413743,0.9666666666666666,0.0,0.19061676534849697,13.0,1.0,0.19444444444444445,0.5117152897099206,0.5671604938271606,0.28888888888888886,0.5158634408397036,0.6,0.95,3,10,.\experiment.py,704d8f62e463a9a2c2f406c0244e25b531004456,n=10_d=0.95_c=0.6_r=3,meirz,LOCAL
0.35076146896929383,0.29999999999999993,0.5005648587130341,0.5821893544581904,260.0,0.1078057746505769,0.2824074074074074,0.6111111111111112,0.29671428571428576,0.3624760528488591,0.9666666666666666,0.0,0.19061676534849697,13.0,1.0,0.19444444444444445,0.5108272158415647,0.5671604938271606,0.28888888888888886,0.5158634408397036,0.7,0.95,3,10,.\experiment.py,704d8f62e463a9a2c2f406c0244e25b531004456,n=10_d=0.95_c=0.7_r=3,meirz,LOCAL
0.35076146896929383,0.29999999999999993,0.5005648587130341,0.5816967046850331,310.0,0.10868019810220081,0.2824074074074074,0.614814814814815,0.29671428571428576,0.36250254244413743,0.9666666666666666,0.0,0.19061676534849697,13.0,1.0,0.19444444444444445,0.5117152897099208,0.5671604938271606,0.28888888888888886,0.5158634408397036,0.8,0.95,3,10,.\experiment.py,704d8f62e463a9a2c2f406c0244e25b531004456,n=10_d=0.95_c=0.8_r=3,meirz,LOCAL
0.3468561689237182,0.26,0.5364005016932173,0.6175241507970018,260.0,0.17831708321793663,0.28611111111111115,0.5703703703703705,0.2611111111111112,0.27433921109364634,0.9033333333333332,0.0,0.17940477794201165,11.0,1.0,0.3888888888888889,0.5189046181558652,0.4961481481481483,0.24444444444444444,0.4709874753328786,0.9,0.95,3,10,.\experiment.py,704d8f62e463a9a2c2f406c0244e25b531004456,n=10_d=0.95_c=0.9_r=3,meirz,LOCAL
0.6648308055437865,0.0,0.8729261137118077,0.8729261137118078,0.0,0.4679289219470336,0.0,0.0,0.0,0.6648308055437865,0.10000000000000005,0.0,0.46792892194703356,0.0,0.1,0.0,0.0,0.0,0.0,1.8619006149354548e-17,1,0.95,3,10,.\experiment.py,704d8f62e463a9a2c2f406c0244e25b531004456,n=10_d=0.95_c=1_r=3,meirz,LOCAL
